Episode,Reward
1,251.9821926947024
2,989.068382679496
3,187.65252077109267
4,714.3992781835051
5,1003.9397442806688
6,678.8643613281089
7,506.10793816682525
8,677.7294710266145
9,704.491124504205
10,680.7628833230928
11,535.2947162233047
12,1185.321080445996
13,892.5329399580328
14,799.4120900644284
15,886.7966773160081
16,985.3820642200573
17,1188.5027644813306
18,1229.1868973298983
19,1014.9184996291051
20,1056.8059608238423
21,1040.3099369012366
22,1067.7407305159734
23,1369.0751158632331
24,1228.5190704078645
25,1371.8431519556166
26,985.0953959745397
27,1358.478313615136
28,1248.410701170274
29,1338.0293275665983
30,1311.2336613339323
31,1139.543538704795
32,1001.6277705074516
33,650.021529524418
34,903.7987797745935
35,906.8473817539913
36,857.7151517843711
37,816.6709888564823
38,927.6690497693211
39,862.6247992433207
40,684.543048622457
41,845.6754601396123
42,899.5490220907762
43,832.8093066950443
44,961.5865831265559
45,322.51517472463064
46,856.2981705518081
47,1158.8692135340618
48,967.9158617126175
49,603.9521621590086
50,976.1899442212751
51,1016.2575280574234
52,1130.4305543725454
53,1068.1663709574939
54,1076.2332584804294
55,703.9922492379955
56,1152.6176849960482
57,1052.8784207409612
58,1281.9633178339652
59,1153.35543334359
60,1115.0641929614972
61,1270.3874230967385
62,1414.2602572494445
63,1291.9543488411734
64,1414.447984428411
65,1289.4000129971646
66,1168.9445977904304
67,1350.8202528943514
68,1312.2323199966613
69,1681.4394634966395
70,1392.3727360002456
71,1435.2266383666813
72,1448.9476997914883
73,1447.4524557417017
74,1129.281075403134
75,1371.522503930908
76,1459.996124027908
77,1517.65106070169
78,1541.5862725148202
79,1512.829006764332
80,1664.0768642846997
81,1790.783270522646
82,1510.5600945772192
83,1588.0509467900683
84,1730.7239947368312
85,1440.5357601731068
86,1543.4252833083783
87,1359.7305227761808
88,1378.9031040239254
89,1122.2996475818695
90,1364.1434350783973
91,1266.3007364521402
92,992.9996159289263
93,1208.7496989355732
94,1093.7465307403809
95,1312.2799912655805
96,1195.5335704072786
97,1500.894829275244
98,1529.8190401674035
99,1755.0799645923648
100,1529.2650639275932
101,1725.1596241022746
102,1736.1980923030958
103,1743.0225604675127
104,1462.991804762875
105,1567.3130028627943
106,1644.3286635362444
107,1548.3910555095986
108,1613.1338868767211
109,1849.5974145839184
110,1878.4443923892018
111,1560.0095706408279
112,1607.2317661203854
113,1645.5496076011084
114,1797.372568896066
115,1582.1322366929837
116,1688.0183707059923
117,1925.8932050432843
118,1881.108224987223
119,1888.9157996841254
120,1833.8871465554687
121,1793.8318121201535
122,1581.4109978401054
123,1450.0085873345445
124,1472.9400487531707
125,1809.0797365229125
126,1614.6498459257557
127,1859.5347531890366
128,1823.1695086902555
129,1773.1162862961708
130,1770.3199107874584
131,1764.291666103104
132,1602.3584179300326
133,1705.8863169721471
134,1610.2796718254021
135,1520.6085660489728
136,1457.4836041499345
137,1633.9465681452168
138,1563.8878166466004
139,1451.985357555352
140,1708.0561722182642
141,1587.3094470561925
142,1626.9649936154374
143,1669.2038765829777
144,1774.3766357837478
145,1693.5205194148823
146,1756.398769222502
147,1901.8294317507616
148,2009.0052156738107
149,1930.3769045092952
150,2030.2504780547479
151,1889.8350582662886
152,2009.8454514774671
153,1820.0120461260462
154,1931.0354631022096
155,2090.9413335351533
156,2020.2210229122074
157,2017.397532685927
158,2130.303530874059
159,1771.2752893722845
160,1992.3636688521378
161,1921.414127015287
162,1725.1156575621674
163,1679.9878479329564
164,1985.6048864692484
165,2150.6627819670707
166,1877.2381847522402
167,1862.6641944794874
168,2002.427855066032
169,2000.940965125886
170,2125.0692796518897
171,1921.6211138856895
172,1896.149123646632
173,1929.9541624085641
174,2032.3129759684145
175,2090.813409332307
176,2259.716542078904
177,2151.60578903769
178,2244.0076553962176
179,2003.1582544463022
180,2311.2309405393394
181,2262.4691587919588
182,2371.0835086517277
183,2098.708541797908
184,2323.4781824932948
185,2031.0370855018077
186,1990.7980350637854
187,2022.164037502719
188,2182.15423012081
189,2392.1864466341385
190,2006.832823912809
191,2123.088873668938
192,2211.43497606309
193,2312.603916708955
194,2167.879570729052
195,2354.3415270718665
196,2115.0720257190324
197,2307.771285711254
198,2351.5270352917946
199,2336.068206977131
200,2253.8471689789258
201,2135.464844368562
202,2119.2333291980153
203,2131.5982497532486
204,2027.5060553624546
205,2025.433080397007
206,1970.1282723983413
207,2058.8743156003347
208,1952.653310506606
209,1989.3766104454567
210,1959.4599561368752
211,1892.3769013124222
212,1930.554223835459
213,2037.8940042315016
214,1866.7742894669545
215,1925.6914769923287
216,1886.589299395665
217,1838.9949757988318
218,1959.386278230958
219,1887.5527476987866
220,2155.4459728339366
221,1827.7035520091895
222,1906.7819731377851
223,1891.3872170079915
224,1951.7672187872342
225,1890.4130787609706
226,1882.740515318258
227,1975.8541613306036
228,2002.0223955229085
229,1949.778099658419
230,1793.173023039785
231,2170.2465254724225
232,2299.202799061243
233,2103.833506476579
234,2270.554902468237
235,2080.7198515577793
236,2102.5215588697124
237,2354.5492701321336
238,2255.936659363917
239,2278.2425369347725
240,2083.2330096295
241,2120.108808555442
242,2125.1857009616233
243,2071.956206311266
244,2268.5211174389233
245,2095.8186581268583
246,2010.383048528025
247,1856.487524445787
248,1995.4544945540495
249,2137.237729442969
250,2076.135937370926
251,2300.821471927544
252,2302.022980853902
253,2199.1695340158203
254,2110.241323779577
255,2193.409916510671
256,2383.3871661339713
257,2288.3134577186092
258,2288.9328411863785
259,2163.1249999692263
260,1970.2182239706524
261,2070.757124038223
262,1855.844957463318
263,1988.327342244662
264,2073.0013415598637
265,1882.314356343913
266,2142.0454822844317
267,2284.4206616265556
268,2183.4884312321437
269,2071.213106220203
270,2229.4155322933116
271,2159.3304334048353
272,1834.5032976748562
273,1772.747360674204
274,1670.0143162940606
275,1934.4621018121604
276,2191.0250029532067
277,1980.5188646870492
278,2183.6889965134533
279,2190.0559988250748
280,2123.707450619977
281,1853.483946950747
282,2186.4669905194223
283,2094.178582860959
284,2289.1144737359427
285,2364.3588269536726
286,2285.0169509021935
287,2016.218934749003
288,2068.072456044149
289,1948.5351074808948
290,2031.9204403327924
291,2076.738590210343
292,2144.806287176826
293,2257.389672562624
294,1926.9722138027848
295,2008.9712297188435
296,2168.7028979160605
297,2173.5891861357277
298,2353.999990862861
299,2292.5824943681755
300,2100.184457980781
301,1990.5492928524939
302,2190.6979763784284
303,2081.7601950728204
304,2241.8485038394383
305,2110.9590491562817
306,2173.612396595841
307,2125.3821135423304
308,2082.7372596109954
309,2118.2636157688535
310,2045.084601302635
311,1953.8284597938195
312,1819.011947153844
313,2046.596851179008
314,1969.9854108439329
315,2037.4087057701458
316,2260.992854916
317,2293.713584988469
318,2506.620104510805
319,2509.3762784531646
320,2450.1024313177977
321,2353.813410282985
322,2540.5797511734345
323,2395.8439180601617
324,2419.85629603797
325,2439.4619848870584
326,2434.571681989169
327,2387.105780882704
328,2429.9904886042855
329,2497.972419473601
330,2393.489789916513
331,2329.002347875827
332,2466.5230383519315
333,2455.22270141384
334,2244.6587291736505
335,2290.230488562076
336,2407.865288909328
337,2249.699425833392
338,2221.7052413249917
339,2220.257548052622
340,2341.638503661288
341,2354.0979909243765
342,2333.566227157009
343,2193.1445952567374
344,2245.6898410142303
345,2184.0568775573993
346,2314.2332655649675
347,1981.444056936769
348,2133.6737313400076
349,2345.1222826750904
350,2352.966932416031
351,2461.6627650679093
352,2298.632170720167
353,2338.8022843090735
354,2387.861931184008
355,2492.3594664300863
356,2019.0382087466999
357,2148.492663848804
358,2284.5441649052136
359,2395.5595444438927
360,2250.5906590011127
361,2285.14173055986
362,2262.1246451096868
363,2385.7528142958176
364,2338.262790336851
365,2351.70701494722
366,2310.040802346953
367,2263.035165808742
368,2043.943915192918
369,2041.4217975337258
370,2411.7734560483345
371,2527.6479584492918
372,2471.4733294323605
373,2581.821709712842
374,2357.9598900477104
375,2202.5304036596467
376,2295.1054707360076
377,2110.9011835622014
378,1932.0248661922308
379,2208.5903699221367
380,2116.105732915923
381,2146.516555276481
382,2443.3068544853036
383,2562.857829776772
384,2210.703671659968
385,2351.0834441625416
386,2394.246036733511
387,2399.945865045814
388,2327.733897680853
389,2319.9750708111756
390,2233.315973349711
391,2302.357661636685
392,2436.652219820518
393,2518.260987439503
394,2327.749422387217
395,2423.998456094075
396,2504.1469175583247
397,2202.608707125119
398,2507.709196047603
399,2439.2545716319537
400,2075.4593936200367
401,2479.632414568091
402,2440.0461391708664
403,2379.96591426744
404,2369.7419656303846
405,2399.097949226982
406,2419.6844028855767
407,2492.4294780125792
408,2452.4428045777463
409,2197.343944949986
410,2121.346134076184
411,2351.638417213028
412,2182.583880639615
413,2252.972898880663
414,2358.044940446875
415,2279.555425862666
416,2153.399300146972
417,2536.398873098105
418,2328.8468488933213
419,2330.367723868115
420,2299.3556978215097
421,2403.8503774865917
422,2169.9310325938345
423,2519.5477488164775
424,2370.827149933129
425,2551.160679786928
426,2224.3896108276876
427,2538.823180379673
428,2374.8547372288904
429,2364.981154516142
430,2420.001428053726
431,2107.4526385215986
432,1991.3065760908203
433,2275.1627190773165
434,2132.0209460777373
435,2378.787263300944
436,2293.530646448528
437,2310.32784465413
438,2281.5529263873646
439,2310.058447394343
440,2444.9782332891846
441,2462.7518600531653
442,2275.1392231432774
443,2122.7736906869877
444,2306.6056128888986
445,1776.1162436163356
446,2257.8712278923267
447,2104.005547957583
448,2031.0150930985749
449,2483.2635238171483
450,2390.6116019097985
451,2050.7210191243844
452,2567.0636546382957
453,2496.790282670097
454,2361.00597807447
455,2517.935845184104
456,2408.382818749153
457,2454.196688126934
458,2369.590325316423
459,2307.839397923701
460,2427.9892450584234
461,2191.8869469527162
462,2247.437587979938
463,2351.6214056295416
464,2211.635186699615
465,2481.1098367939376
466,2407.353167880374
467,2538.791333626463
468,2411.947921884828
469,2206.410545956252
470,2244.678423602875
471,2038.3171459354967
472,2200.7300906794053
473,2248.304362919899
474,2207.9122341972893
475,2211.880060299416
476,2343.8103891200394
477,2573.3430588454685
478,2386.880934336347
479,2450.1597193356693
480,2204.7687065630057
481,2355.0907648376256
482,2548.705547730878
483,2579.1542951297515
484,2329.3881401993003
485,2373.985604201614
486,2233.8927524570627
487,2352.12209239129
488,2523.222487694381
489,2536.2791944791156
490,2429.0741095148096
491,2616.8926256031136
492,2598.1037686894083
493,2566.082594175068
494,2547.8161349209636
495,2594.006870714587
496,2477.5460219772235
497,2555.9746340298407
498,2562.419950851973
499,2388.874176474249
500,2405.280185672693
501,2154.8432455165735
502,2496.1784259473125
503,2217.813122254268
504,2496.4894214105407
505,2428.6842874132435
506,2547.260331251066
507,2515.834322340866
508,2568.611838124592
509,2514.4752715147692
510,2585.5158978763047
511,2455.2437850835204
512,2348.2471845074165
513,2375.9877963588374
514,2678.4015545304264
515,2564.6803994897764
516,2496.1232428305407
517,2557.9548621226622
518,2486.26535117926
519,2460.0935499179345
520,2719.977220204718
521,2624.945933591906
522,2652.588893497862
523,2566.4436072283165
524,2709.3879550778906
525,2617.682073792264
526,2503.549995141533
527,2542.8932097348106
528,2400.6519850034383
529,2203.566634564732
530,2461.199210898172
531,2544.2659235090678
532,2394.418839115076
533,2168.0571567548177
534,2651.8820374079733
535,2478.6243692226262
536,2547.5341044962584
537,2510.6708914545306
538,2501.134581189133
539,2458.9561432236274
540,2334.0846680184986
541,2648.325718025861
542,2451.1371493228785
543,2169.71291678831
544,2689.90400193729
545,2582.058363383016
546,2574.580133753738
547,2630.267644311113
548,2651.6008928556835
549,2418.8122874881396
550,2628.438859201716
551,2522.2772539102725
552,2554.0664894487923
553,2553.125775418751
554,2349.5232581597684
555,2467.765949058121
556,2194.771228123147
557,2747.285324819386
558,2687.4643781209847
559,2443.0784181036606
560,2712.3690518021494
561,2698.086863290433
562,2710.221979179668
563,2496.885356996363
564,2733.1230882391033
565,2633.8822507636555
566,2730.463481177406
567,2637.8854664023056
568,2570.8342402701014
569,2490.171944032812
570,2579.985688103445
571,2344.6360600489807
572,2401.271056256176
573,2375.6786058507337
574,2492.297559742604
575,2637.5968074022308
576,2627.791667972176
577,2628.356324527134
578,2343.9994535439405
579,2205.0201530522336
580,2678.145008650496
581,2707.630874056336
582,2753.9359900415257
583,2663.49354098694
584,2650.640207412865
585,2772.790239253848
586,2490.988313908794
587,2535.8298886669036
588,2626.4207741252453
589,2500.2830536355136
590,2532.1533850672604
591,2464.354199043651
592,2168.629558882332
593,2547.2085142816054
594,2617.0910418002727
595,2489.707776144583
596,2352.9825166810715
597,2573.5512485689746
598,2544.8529903132803
599,2720.1251386370704
600,2618.669864296984
601,2713.051752322289
602,2598.2846950154567
603,2664.5845291120886
604,2524.0451782884293
605,2602.507802171414
606,2360.927885353581
607,2523.4924252699075
608,2332.0044081983006
609,2624.0409787021304
610,2562.3205129301355
611,2663.7188279250463
612,2475.407722092279
613,2375.456003363547
614,2477.517894808366
615,2469.4478576540923
616,2391.6020268467146
617,2355.4761401019305
618,2380.6968860093907
619,2207.984363160765
620,2298.3575346969537
621,2350.5855915539723
622,2597.554886341162
623,2398.048803076609
624,2597.0061708596268
625,2517.0784725371323
626,2523.0960487047523
627,2774.9745044660117
628,2709.7238059414767
629,2710.5699562595873
630,2813.073583674378
631,2657.154554609026
632,2653.6657695560502
633,2632.4111507540865
634,2627.127193949536
635,2536.657558135959
636,2629.3862078472634
637,2503.105257511425
638,2620.96873026647
639,2653.8837075807073
640,2394.918253323659
641,2691.4841025954315
642,2612.059692143094
643,2640.35654608904
644,2837.642497660583
645,2538.088609135115
646,2619.109625707601
647,2447.8369845875964
648,2557.979765819
649,2535.7610166680724
650,2453.942028821066
651,2371.556539900572
652,2246.75278508202
653,2639.802619641555
654,2664.623087376282
655,2518.1674705727687
656,2783.7640734347456
657,2709.692650813732
658,2801.71072169774
659,2757.9721362771515
660,2501.258132927856
661,2642.520478069207
662,2757.2453446862573
663,2811.509563426906
664,2605.838509904621
665,2861.733445909425
666,2726.2193441917702
667,2790.688865470319
668,2696.304815608132
669,2780.895323908672
670,2473.7958540616037
671,2489.4783424223274
672,2749.9804041161233
673,2733.930805229266
674,2391.4686904613095
675,2613.8734894606982
676,2493.5526466552255
677,2651.9196152425266
678,2499.93033480447
679,2468.648625421615
680,2325.2888442141743
681,2573.290091836288
682,2711.2013671699283
683,2659.526781846402
684,2332.03914815722
685,2438.0660925519974
686,2535.47403758407
687,2591.653963186191
688,2619.9918525704234
689,2589.0721195518454
690,2633.0723005846266
691,2515.5510598757724
692,2615.118450998023
693,2678.1697695227767
694,2628.4955513409045
695,2541.581094556656
696,2757.154258368873
697,2417.273842100777
698,2702.643719540193
699,2539.8056905706476
700,2419.8894685125606
701,2558.2083971163343
702,2427.532529028298
703,2545.025289069942
704,2713.0947521337675
705,2590.5892307580957
706,2653.208552525315
707,2872.7836663093663
708,2842.747222964134
709,2779.6736576461453
710,2939.5900309383237
711,2586.6430420962965
712,2701.0140061628567
713,2665.1925540696884
714,2517.613579616958
715,2504.6839701754366
716,2521.179695720146
717,2853.9697894091255
718,2878.941496976547
719,2796.6429641214836
720,2670.5182766473563
721,2939.579660127567
722,2878.2042199836037
723,2882.4981048909685
724,2516.551023980178
725,2769.8270345704977
726,2830.0307272752148
727,2738.79446922169
728,2898.387753449627
729,2858.155372274287
730,2776.26830502131
731,2780.4958052314237
732,2442.2970690346315
733,2914.30159878529
734,2680.616546438385
735,2620.9821616556032
736,2536.3998275638082
737,2585.053407157857
738,2600.2583986575514
739,2681.573757119352
740,2645.1604040990815
741,2694.853720846886
742,2728.751890570698
743,2760.3468469472414
744,2832.1444399279862
745,2794.9041362995777
746,2677.3188692992785
747,2804.8751893513095
748,2794.6552605983397
749,2713.732428853149
750,2636.128277252647
751,2650.1272398530386
752,2812.388300844541
753,2764.383066271672
754,2865.2982915294474
755,2803.443442053362
756,2746.0267643387856
757,2529.1997186247113
758,2577.0006155584006
759,2468.366803902653
760,2596.0796598371867
761,2577.1021800014564
762,2682.41373199763
763,2470.09470842005
764,2252.494859966911
765,2592.731121342652
766,2872.3105334623974
767,2752.1082170572827
768,2622.993742468453
769,2632.2604722019
770,2705.1255317591654
771,2519.609957199331
772,2616.7429404153177
773,2502.3473662498145
774,2686.208632881232
775,2817.897440578501
776,2822.1603890996535
777,2834.1734434321756
778,2821.1790088485213
779,2640.139308959574
780,2705.092313222073
781,2772.65729333032
782,2775.819408653833
783,2744.6581425546324
784,2782.0557306546443
785,2853.664463523639
786,2680.592004462366
787,2684.4536555630502
788,2871.5516197298416
789,2489.3096021316605
790,2754.000393947846
791,2611.3167385018487
792,2898.8930676439627
793,2831.050166874169
794,2688.284802106497
795,2806.313900258213
796,2708.7070395003766
797,2688.6383227058363
798,2685.7716204014537
799,2771.4291179138763
800,2636.4933556309134
801,2862.2203252420863
802,2658.8615364617976
803,2578.607023057765
804,2626.8073181081454
805,2355.274619975244
806,2697.5568526684274
807,2595.2673326135737
808,2500.847466582472
809,2702.7275512736205
810,2932.4266628111995
811,2590.373519599749
812,2853.353628704919
813,2881.6209108686853
814,2881.2739986919564
815,2841.545057006373
816,2834.602576446617
817,2754.6876252326506
818,2886.2241541881654
819,2899.500708196762
820,2657.8979180641377
821,2989.9065687637913
822,2698.2514797748872
823,2702.3092857185125
824,2769.498013390229
825,2736.8451489972613
826,2745.641672781219
827,2667.017509460386
828,2992.591952138436
829,2672.8770887524915
830,2725.238418674728
831,2906.595322599757
832,2858.8659616349114
833,2646.948872705118
834,2673.3829476559877
835,2883.6247143957553
836,2460.1925840722365
837,2680.049113686484
838,2884.44219958265
839,3034.7124888668814
840,2980.2650705344945
841,2852.5710343126866
842,2998.3522151505094
843,2770.5375418585695
844,2792.024414035141
845,2636.2537908035906
846,2800.1670617949258
847,2739.911988310538
848,2503.0924334353526
849,2818.17088589472
850,2914.44090207444
851,2745.1717754781234
852,2794.575083865611
853,2838.5659325599054
854,2749.8877823940934
855,2793.8514303070406
856,2755.6318143666003
857,2722.1062259936525
858,2670.3154191587414
859,2436.23191976241
860,2638.5637867052383
861,2682.232030914626
862,2362.9392890896793
863,2752.742384136504
864,2664.2907894640393
865,2870.4133787071864
866,2610.274475394679
867,2768.582523741483
868,2429.4497686853747
869,2572.452867987254
870,2739.4938666952653
871,2676.66949111368
872,2827.647514950407
873,2860.5573785385786
874,2695.9518867850747
875,2746.4056823109877
876,2802.1624849950554
877,2822.9338317873426
878,2549.830901930538
879,2739.67464724357
880,2909.0793402428694
881,2734.5498824373853
882,2846.683794899496
883,2633.350077190512
884,2698.7766501028505
885,2730.036232719258
886,2852.684465857239
887,2851.1990995512565
888,2832.5329911709887
889,2640.0597589781323
890,2734.3870604619465
891,2766.1531876158715
892,2729.107342759001
893,2742.1678262713494
894,2812.9354834887345
895,2728.1659447725892
896,2783.3490509261455
897,2840.9876355696983
898,2786.1589814221447
899,2755.111783595953
900,2743.4104929399064
901,2762.6884838762685
902,2696.204151868769
903,2766.7999833328245
904,2803.047117563522
905,2799.0287548719416
906,2549.960105600809
907,2698.1511249657865
908,2650.8475681005116
909,2750.185200296396
910,2923.006253115232
911,2940.023828227581
912,2818.82505756355
913,2917.2608829393707
914,2749.774522564978
915,2701.421420598179
916,2818.5387755493316
917,2562.498210829075
918,2567.0716428785627
919,2056.1870037062517
920,2890.2492227534235
921,2760.6817369000228
922,2683.856705013525
923,2709.1446084869517
924,2799.539665984266
925,2663.2563686406575
926,2222.353287107077
927,2468.7986091770254
928,2722.8964604497874
929,2321.3933723890955
930,2811.92358190087
931,2570.075338001317
932,2613.3341815676126
933,2720.928281270468
934,2705.1160157611966
935,2793.9344135457222
936,2499.290370639934
937,2691.720360052991
938,2745.796780734163
939,2534.9400286484674
940,2779.5895010581107
941,2758.9785819560325
942,2920.9006065049975
943,2849.2968617152223
944,2865.387982728462
945,3005.152734905788
946,2858.6014823087494
947,2892.469868072546
948,3077.530724205003
949,2947.031418832402
950,2901.5051857930116
951,2902.46286916168
952,2939.7702190716523
953,2931.307480082553
954,2937.9874607670363
955,2937.0563993259893
956,2876.1851784551486
957,2902.0761237312386
958,2713.844416359364
959,2762.0117874918133
960,2751.0326578643203
961,2669.0999145937653
962,2827.579483742199
963,2920.2734892208073
964,2910.7243569673974
965,2863.2775246057395
966,2934.180805966053
967,2784.752352159077
968,2811.8748049287196
969,2418.136556548062
970,2748.361716275565
971,2749.625619775843
972,2878.482586696587
973,2438.1377333057326
974,2718.770359939344
975,2564.674602240771
976,2573.785229098465
977,2817.0691656350464
978,2836.4233348431903
979,2824.7090656166697
980,2881.459500569759
981,3007.5873754707695
982,2889.672467869693
983,2888.7685064972684
984,2778.6350589534263
985,2797.0788648729454
986,2629.7916650187094
987,2710.6628277697523
988,2832.5804275123664
989,2771.916866169174
990,2722.1965090090494
991,2949.8112686571735
992,2905.296124274133
993,2868.5965604447715
994,2857.886854786899
995,2833.5181325567232
996,2836.2956664145154
997,2703.768308877797
998,2935.0251828203195
999,2931.0452478160546
1000,2861.100983336324
1001,2581.954494139704
1002,2870.2378520344882
1003,2934.848357695935
1004,2927.568407092495
1005,2826.9461821007494
1006,3043.445102163896
1007,2960.048625251825
1008,2911.354834126227
1009,2968.8181904067046
1010,2884.5539532551247
1011,2684.942840503241
1012,2850.950421693405
1013,2838.895778615984
1014,2818.672037227254
1015,2720.9327362673303
1016,2782.790797346243
1017,2746.047081059373
1018,2864.635171220479
1019,2802.871442391471
1020,2758.267105737533
1021,2960.612757756607
1022,2760.8637086896774
1023,2707.4757157201143
1024,2497.3776619138844
1025,2772.6473718668644
1026,2745.25465788551
1027,2791.1358353897344
1028,2694.459452813824
1029,2757.4388889071643
1030,2847.003694767872
1031,2843.6142676721997
1032,2447.863368471845
1033,2801.7130654592406
1034,2860.448888610776
1035,2759.290907114002
1036,2877.5883282776244
1037,2902.3522423108693
1038,2748.3516412412323
1039,2748.149758602587
1040,2693.126561501257
1041,2900.026863618318
1042,2756.8521206750875
1043,2721.581691881937
1044,2664.7681186709137
1045,2917.5471009163807
1046,2716.472168863126
1047,2947.674803481828
1048,2999.8505248979463
1049,2899.9417827493467
1050,2844.3937810905913
1051,2814.7865513719194
1052,2968.8128190739994
1053,2900.9202983862683
1054,2848.261567701431
1055,2971.6970709059283
1056,2879.2565463774827
1057,2928.7675732773596
1058,2837.6119664108464
1059,2835.576961475208
1060,2938.205790233161
1061,2857.334151801929
1062,2692.9366726716653
1063,2679.2639723603575
1064,2773.423376793679
1065,2873.912084609485
1066,2875.7271136234717
1067,3059.7100470155356
1068,3004.8285264201813
1069,2756.9270119165535
1070,2869.23014940934
1071,2908.089127179689
1072,2975.6512358426535
1073,3002.7637183590564
1074,2814.7384435131517
1075,2890.5804966878595
1076,2867.994137573152
1077,2807.8812896589798
1078,2929.8942846905206
1079,2873.8997990709213
1080,2730.3553081931027
1081,2770.9993946552304
1082,2795.6064453064914
1083,2855.323836711191
1084,2843.0123324737665
1085,2883.3118246951217
1086,3031.8122111583293
1087,3088.9026652058456
1088,2939.2621633129165
1089,2870.080376835634
1090,2845.4390721115083
1091,2940.6559311060028
1092,2680.5824143656528
1093,2892.9937189129796
1094,2951.6418860720282
1095,2999.146096315475
1096,3072.9776672999765
1097,2997.3551445755716
1098,2795.7681350168805
1099,2936.293667472528
1100,2991.403744401964
1101,2935.55903747684
1102,2732.6266474248655
1103,2839.008974238138
1104,2966.227619924056
1105,3034.9475384951907
1106,2682.552373169432
1107,3002.2741116343154
1108,2940.2029873683664
1109,2867.7582736187615
1110,2967.6664922874384
1111,2757.7502113453875
1112,2793.0088679942796
1113,2699.787901787475
1114,2892.9158084587957
1115,2966.899104853619
1116,2972.6203032556705
1117,2755.9459914613585
1118,2907.5181417234544
1119,2628.951802433862
1120,2700.1787452548656
1121,2988.9316738049206
1122,2892.1816634689776
1123,2905.8589326449774
1124,2830.615452243732
1125,2811.9900258328294
1126,3019.1799428568797
1127,2992.668804081495
1128,3005.7052237556486
1129,2845.576361245103
1130,2771.3503119432353
1131,2730.609032253594
1132,2729.483426697178
1133,3008.4907510034236
1134,2948.9472500993347
1135,2913.449746010679
1136,2838.01610864973
1137,2865.2530942451262
1138,2826.720219684808
1139,2941.118132606728
1140,2663.264712827707
1141,2753.0481940309933
1142,2931.649225241817
1143,3037.631100514869
1144,2514.864752682315
1145,2904.9547190016006
1146,2675.342510270644
1147,2873.254595018924
1148,2680.0050780212737
1149,2881.518713979848
1150,3038.5407942786223
1151,3007.9003268684023
1152,2827.022055509867
1153,2913.3029560431933
1154,2890.841801631928
1155,3045.4383344240528
1156,3111.4985744726364
1157,3078.801600205265
1158,3107.2532318272483
1159,3069.034126167645
1160,3025.667148801599
1161,3026.99430816734
1162,3092.738085346083
1163,2929.354744383611
1164,3015.316632291638
1165,2994.462391660895
1166,2789.0646101690063
1167,3074.7219919955896
1168,2980.8520674381
1169,3037.3844707059748
1170,2749.7232705619804
1171,2971.6517083984904
1172,2893.1611621886786
1173,2923.442471884773
1174,2953.917831308946
1175,3084.5213540846444
1176,3118.7924246628045
1177,2895.1923684263616
1178,3064.3181405292053
1179,2977.59624315397
1180,2905.388178970053
1181,3057.7825650613095
1182,3026.405893370062
1183,2983.337025593893
1184,3094.6030129363544
1185,3030.9731016120686
1186,3051.3839184307712
1187,3065.3699827093756
1188,2848.5984204556303
1189,3027.0801794444596
1190,3055.841379863837
1191,2979.2186819886565
1192,2829.335701558476
1193,2962.30806027778
1194,2773.001356424182
1195,2772.1164020827846
1196,2765.1245945648607
1197,2978.0078621052626
1198,2928.608254829728
1199,3082.6318672366556
1200,2878.0911303214893
1201,2816.8503841223146
1202,2982.1223349815737
1203,2914.70879679468
1204,2960.4002242216375
1205,3018.308219726098
1206,2947.872967607602
1207,3073.896936461933
1208,2950.3869442059668
1209,3002.0383187272296
1210,3097.1504703800138
1211,2934.921409912208
1212,3146.9076800424955
1213,2962.5493000620995
1214,3061.6466006721075
1215,3104.689875350742
1216,2960.8241839735683
1217,3071.983922356088
1218,3074.926428993089
1219,2955.269811045525
1220,2917.2314958703696
1221,2871.8163509256538
1222,2971.7807145322336
1223,2813.7168113506445
1224,2715.8796479686202
1225,3013.5601141210273
1226,3024.488957377953
1227,2946.541047063143
1228,2857.7887671475496
1229,3104.2985737375843
1230,3091.7590878530664
1231,3134.8448213442325
1232,2994.4147008726845
1233,3070.4613041955313
1234,3037.2343085360476
1235,2952.8278353495534
1236,3013.583330407524
1237,2621.741808514703
1238,2661.8409908951335
1239,2827.413857951173
1240,2718.5820458133967
1241,3037.1952518393437
1242,3014.4050386153954
1243,2992.7859268557822
1244,2941.660484022659
1245,2964.6993364073396
1246,2907.0413611873532
1247,3010.8758133637507
1248,2951.312433230031
1249,2533.7547349676106
1250,2880.7148926184263
1251,3052.0823341295286
1252,2898.3030385487823
1253,2864.448400740031
1254,2939.7149973148908
1255,3062.3793784372947
1256,2951.6988647459307
1257,2918.294718740106
1258,3044.08527375964
1259,2727.116402699648
1260,3008.5081396369947
1261,3000.0135366736736
1262,3091.9687610606084
1263,2795.2695848832595
1264,2905.198139490039
1265,3120.2829917395698
1266,2960.2136187157053
1267,3047.084475443384
1268,2788.1096389437826
1269,2805.7337231987376
1270,2952.689197257636
1271,2952.6166110330405
1272,2791.4586287045863
1273,3059.6145176421837
1274,2927.185665679846
1275,3062.4944670552404
1276,3085.5788944423894
1277,2959.455121187799
1278,3005.5069517829684
1279,2930.038072550101
1280,2848.1316334377675
1281,2903.953661682393
1282,2906.009679767786
1283,3100.7825436624316
1284,3006.5265105390513
1285,3080.438578109533
1286,2954.165748473869
1287,2984.595502192933
1288,3095.5238143008432
1289,2917.5657817676333
1290,2759.3706799831843
1291,2756.2192064039646
1292,2881.5622011058704
1293,3052.384070189683
1294,2965.419793362485
1295,2684.3875833822117
1296,2970.372193699142
1297,2809.4204530133998
1298,2778.218115922565
1299,3022.719326012575
1300,3013.53920660642
1301,2903.1936214342445
1302,2772.397151304135
1303,3096.234543574497
1304,3113.3531998225694
1305,3019.887869427322
1306,3003.3544860745546
1307,2840.145078405048
1308,3145.016224403758
1309,2873.5411803621428
1310,3070.448581673247
1311,3151.797513318237
1312,3018.616956083613
1313,2718.7176301468003
1314,2892.071269301235
1315,2960.177984908709
1316,3074.8690699254525
1317,2931.7671532656536
1318,3139.4733308440364
1319,3101.725348685071
1320,3190.9186393013524
1321,2970.3057886228194
1322,2885.8116156631854
1323,2963.5161021000163
1324,3107.2927058383084
1325,2921.8389013172364
1326,3042.5152870718775
1327,2805.3105496327344
1328,2553.0034083912865
1329,3053.147948750315
1330,3201.1614684645333
1331,3110.402829897204
1332,3035.4526185370846
1333,3020.2235861226186
1334,3049.468317942939
1335,2913.6846240509726
1336,2975.7047010490624
1337,2707.0621717839326
1338,2780.8122026926667
1339,2858.106513114126
1340,2983.267110273329
1341,2904.1383846295425
1342,2945.1807639825174
1343,2962.626052748915
1344,2973.0517279937685
1345,2844.8703478084135
1346,3000.4327149030246
1347,2834.754967308158
1348,2548.535133890243
1349,2797.858460342133
1350,2930.5375901833154
1351,3082.68432757366
1352,3081.4660026333736
1353,3089.8144331421354
1354,3031.871830167516
1355,3109.8235754490743
1356,3135.9016058870498
1357,3113.518034454741
1358,3043.5857299561444
1359,2930.3510325488683
1360,3047.9753777478822
1361,2815.1017694627353
1362,3031.311452593584
1363,3044.584536356543
1364,3045.138784968035
1365,3031.8907882216654
1366,2871.9488247133213
1367,3037.67452846639
1368,3096.329716140193
1369,3108.759263280019
1370,3137.5879303426345
1371,3064.4018481706503
1372,3127.3590518204505
1373,3089.8756771072194
1374,2890.1346827652287
1375,3085.0786511414635
1376,3055.5682892172135
1377,3071.9333490498984
1378,2856.5397643983424
1379,2944.098013023685
1380,2945.728486622732
1381,3051.0886252550376
1382,2951.295076615242
1383,2984.2890587878837
1384,2898.557258435221
1385,2935.7844471563317
1386,2902.479679068635
1387,3006.556380651356
1388,3067.197424614758
1389,2997.9951890487127
1390,3098.535354060763
1391,3084.600695989657
1392,2956.504017155435
1393,3142.163558973869
1394,3159.3310759385463
1395,3087.7772413314638
1396,3143.794960881463
1397,3106.17754340161
1398,3016.922331571101
1399,2964.259261269757
1400,3085.9294423764363
1401,2915.576931113705
1402,2701.8375405137735
1403,2913.0930809376323
1404,3067.9415422332477
1405,3101.994178514362
1406,3061.951572415929
1407,3055.5725418642305
1408,2991.8358793691114
1409,3062.640967862327
1410,2905.297531451539
1411,2978.61062099953
1412,2955.2980577834824
1413,3090.8388188463878
1414,3094.65323251455
1415,3119.2798411728613
1416,3029.0282206790935
1417,3022.7976312813375
1418,2888.7330899734875
1419,2957.073912554065
1420,3049.667672671246
1421,2989.388686253314
1422,2936.9959216547186
1423,2921.888796147315
1424,3038.736113063777
1425,3062.154857075165
1426,3104.917789662409
1427,3081.4723283116236
1428,3071.188985694301
1429,3102.6589060771244
1430,3010.5888250277712
1431,3097.5668283475757
1432,2997.1861881786754
1433,2984.33718389454
1434,3118.0117065655895
1435,2934.8586011638317
1436,3061.848436360365
1437,3081.3051156394195
1438,2860.247603620007
1439,3107.3406292288255
1440,3023.913221891884
1441,3011.0941526650977
1442,2932.526514904632
1443,3007.986050116377
1444,3082.268192436857
1445,2920.6811766584947
1446,2816.948447374012
1447,3039.2244126750134
1448,2998.665183681378
1449,2872.5297105621776
1450,3010.689720708034
1451,2875.9846435835193
1452,3021.8012253661927
1453,2952.076659279005
1454,2897.976214049462
1455,2921.4561341713957
1456,2970.505473648708
1457,3099.2695475614046
1458,3121.0085502949983
1459,3077.844161591089
1460,3049.2619029442553
1461,3075.881698380122
1462,3075.807385797073
1463,2996.3265827475784
1464,2904.863996616845
1465,3061.043374177628
1466,2906.6011099818493
1467,3038.3276772576223
1468,3062.431996668337
1469,2955.027485951929
1470,2973.6283007457996
1471,3023.826920256809
1472,3003.752553913829
1473,3025.49010144594
1474,2995.7383275564484
1475,3071.2756151939684
1476,3063.1376084032454
1477,2962.7353574358885
1478,3036.192817643851
1479,3012.8124816787995
1480,2849.0736705102763
1481,3044.735542911334
1482,2935.6201488689253
1483,3058.6919933497365
1484,3014.9941247799297
1485,3029.3742510573297
1486,2954.4479132828687
1487,3005.9957539954244
1488,3036.644557989425
1489,3052.704750750471
1490,2901.80931283007
1491,3008.6909212531323
1492,2907.687307196165
1493,3010.100583427486
1494,2944.1336302287627
1495,3080.597242548339
1496,3077.866340339885
1497,2980.578121096373
1498,2989.177572768081
1499,3061.7400525502844
1500,2714.931599070981
1501,2889.8597268534013
1502,2776.1930727680588
1503,2656.7532066394556
1504,2860.41568853014
1505,2983.8430084655693
1506,2869.970675818967
1507,3037.932934866536
1508,2929.836278371991
1509,3037.3088853494382
1510,2949.473598665067
1511,3079.1384886406468
1512,2957.060988751685
1513,2985.1949728177915
1514,2891.545981960749
1515,3126.5301930390956
1516,3077.9304108456813
1517,3107.900667009602
1518,3009.931858222755
1519,2974.0264624379183
1520,3070.7180715918707
1521,2988.8364223708018
1522,3125.945349465019
1523,2668.6195875558524
1524,3019.9819985322283
1525,3020.7347056261906
1526,3005.038718069009
1527,3130.452655678246
1528,2939.6911805473746
1529,2929.625957143202
1530,2974.550375109504
1531,3100.8798765794727
1532,3037.497058006203
1533,3045.943405573487
1534,3059.263036365016
1535,2977.8388794387056
1536,3013.6339818229644
1537,3034.857074608342
1538,2953.6128160605813
1539,2955.224136823357
1540,3076.961291292001
1541,2989.8425392477493
1542,2801.698815522096
1543,2977.8424628898283
1544,3027.714073120316
1545,2907.536395492884
1546,2897.9619892756555
1547,2950.1860931134947
1548,2959.0960386876773
1549,3020.737625933433
1550,2920.817504630536
1551,2969.3854200665323
1552,2896.563817057795
1553,2956.9373043228693
1554,3024.2976150012773
1555,3097.868100146072
1556,3141.84237618808
1557,3007.0925065763004
1558,3011.694694569412
1559,3044.258311891206
1560,3000.488274229012
1561,3020.27412426858
1562,2993.8217903014697
1563,3132.513643115301
1564,3080.7915690878563
1565,2755.7600229598625
1566,2925.202355468707
1567,3139.8954027595587
1568,3089.635070003186
1569,3099.214867684292
1570,3104.1056217023443
1571,3055.6869318526897
1572,2955.2344938711717
1573,3062.803516708036
1574,3100.3431641159364
1575,3072.905370279229
1576,3016.02834886618
1577,3004.3943133621315
1578,3100.952567262159
1579,3106.6087787519964
1580,3124.5323547578905
1581,3129.8298556748646
1582,3081.4313388646697
1583,3084.119510972325
1584,3201.0950558869226
1585,3096.6475466785537
1586,3147.776784713735
1587,3047.3535975334544
1588,3068.363780496698
1589,3128.8557698126792
1590,3074.7482526604745
1591,3115.9691833509078
1592,3002.480213316616
1593,3139.590298803435
1594,3057.3897385808186
1595,2980.2885417610705
1596,3136.570159347162
1597,3087.0468230727247
1598,3114.035091724323
1599,2988.618962849175
1600,3181.713307847277
1601,3145.641778627898
1602,3182.1219265547784
1603,3142.954247231582
1604,3119.8775168924344
1605,3122.997736150908
1606,3199.8855183580113
1607,3097.1608347570113
1608,3196.559553680774
1609,3103.282268331852
1610,3157.769031465275
1611,3082.354424295542
1612,3035.266643715735
1613,3149.3521389330535
1614,3145.0082676890474
1615,3110.2959322367715
1616,2882.454570785122
1617,2987.2627437671986
1618,2884.704412405705
1619,2965.295304464296
1620,2999.9828249857096
1621,2952.3818810747944
1622,2989.3741159488636
1623,2957.516785627831
1624,3089.3119785277727
1625,2936.4928077520954
1626,2867.477446465166
1627,3011.900456479662
1628,3126.8492745903263
1629,3081.4645215295236
1630,3051.0883509038085
1631,3016.3608311057046
1632,3095.1008556183574
1633,3039.394155328702
1634,3147.7330256932505
1635,2804.236481753657
1636,2696.8885428377907
1637,2989.8397720712173
1638,2957.1509916167115
1639,2996.6710568217422
1640,3050.6654198091114
1641,3164.5112061826276
1642,3224.589051668991
1643,3071.806496995873
1644,3177.332039008578
1645,3115.02685367787
1646,3196.881733077187
1647,3087.884892046944
1648,2969.6315999540775
1649,3032.628757166411
1650,3023.308713754029
1651,2888.40136789631
1652,2882.909846652765
1653,3035.908533955519
1654,3066.321302347761
1655,2858.6540323290637
1656,2819.078508102976
1657,3034.8498834307493
1658,2998.6480338625156
1659,2967.6355330240676
1660,3029.3250204175624
1661,3094.4418457550055
1662,3079.435452311088
1663,3172.2953907564624
1664,3077.0512206359485
1665,3112.5490973175947
1666,3197.3134591278126
1667,3173.687477990107
1668,2988.131567322153
1669,3138.3250642415433
1670,3124.426136261166
1671,3156.3177138593405
1672,3219.77304045979
1673,3131.303677999217
1674,3134.0794467130827
1675,3092.7902975547163
1676,3084.140185790127
1677,3068.6388994878325
1678,3140.5329550610845
1679,3087.3082394421544
1680,3051.855253086117
1681,3111.500649367278
1682,3048.0146906450072
1683,3102.6705686707346
1684,3093.178887331674
1685,3092.853770904751
1686,2993.7775578592186
1687,3166.3515707535457
1688,3027.842916219014
1689,2961.3402352114163
1690,2921.657982838073
1691,3123.2726243485267
1692,3142.466566405582
1693,3235.939956732919
1694,3172.541361262472
1695,3158.0867587775138
1696,3107.3742058088083
1697,3130.5943305956316
1698,3141.956013236028
1699,3011.790654468404
1700,3019.6260096931896
1701,3102.0873208711773
1702,3087.840853974917
1703,3105.3046545337447
1704,3017.5095279850148
1705,3090.811048443975
1706,3080.8035970951914
1707,3153.7860189747653
1708,3203.8057700558206
1709,3092.4641302372265
1710,3146.0804426800983
1711,3125.506565329875
1712,3106.3182547374445
1713,3217.5746192509673
1714,3123.5582271643393
1715,3001.0221830458954
1716,3057.841917771769
1717,3076.7903741108667
1718,3201.4570346850296
1719,3158.2087243227807
1720,3178.1616317961693
1721,3198.97824093211
1722,3165.363118053517
1723,3155.075804147711
1724,2738.7385464661547
1725,3252.4545070551867
1726,3183.0660481466575
1727,3094.520772669046
1728,3139.8746443367563
1729,2991.4359953484213
1730,3232.235139714637
1731,3089.6887942218686
1732,3127.4467756404215
1733,3046.615111114021
1734,3152.904005725828
1735,3154.828457160729
1736,2931.220154367239
1737,2979.5587588392655
1738,3010.6389438724996
1739,2894.8769012586868
1740,3097.3224782544053
1741,3106.7297969386896
1742,3032.5371494284614
1743,3104.6745695411378
1744,2994.6706049846807
1745,3050.276378935407
1746,2935.5353984827825
1747,3086.6254283572807
1748,3074.513650401882
1749,3183.9041024446287
1750,2887.6384823855024
1751,3186.0930163950243
1752,3068.9127353730664
1753,3014.4157629665615
1754,2982.4367231398414
1755,3126.7273789361952
1756,3190.474146034546
1757,3191.8147330678853
1758,3099.191274484741
1759,3180.879320567107
1760,3117.6732779736617
1761,3130.690339802057
1762,2905.027915738453
1763,3112.1409588490073
1764,3095.839405877381
1765,3090.321678618813
1766,3052.8542469783565
1767,3127.6787679518034
1768,3138.070200889963
1769,3096.8475764923937
1770,2911.00501442043
1771,3163.854696289135
1772,3165.4762155760923
1773,3151.106187662247
1774,3234.308839070293
1775,3147.4200716046607
1776,3051.952655941006
1777,3125.4013514735743
1778,3139.6097216464946
1779,3122.706873424013
1780,3115.984900331185
1781,3069.7297944655948
1782,3149.755678802067
1783,2958.337931745033
1784,3051.5047652617122
1785,3138.9025836703213
1786,3062.871926284702
1787,3101.208257557787
1788,3126.9120430347066
1789,3114.4495738004293
1790,3052.463667507654
1791,3105.035052969928
1792,3171.5407151919367
1793,3109.6098472929957
1794,3140.401989788505
1795,3173.7646088737515
1796,3195.9429510429577
1797,3111.2312683323166
1798,3212.7447015880266
1799,3074.158502411654
1800,3091.001923479311
1801,3118.361382111759
1802,2957.7840887336893
1803,2899.473857323319
1804,3038.7930854658925
1805,3102.2020469704808
1806,3136.718532041543
1807,3022.160575443121
1808,3029.1528968033313
1809,3164.4816869487154
1810,3108.70840517601
1811,3115.4834352312982
1812,3013.860261473473
1813,3098.689099317745
1814,3113.5569431893978
1815,2985.411105743901
1816,3178.7164319244057
1817,3153.6708086104263
1818,3087.2830433847707
1819,3131.6824038656464
1820,3147.333745860841
1821,3166.539984594596
1822,3133.1156582181984
1823,3173.1825604755204
1824,3184.5088212616574
1825,3147.221513166502
1826,3102.7975444035637
1827,3143.590050005269
1828,3205.8106566629212
1829,3233.1948117408965
1830,3096.5643570383872
1831,2985.7547047501835
1832,2950.452097908984
1833,3115.0179404819046
1834,3121.742234093796
1835,3184.553667644287
1836,3178.266354575681
1837,3170.637016546086
1838,3132.1578160783897
1839,3141.201047798572
1840,3173.5538553836436
1841,2951.0117008031975
1842,3049.3644696967535
1843,3166.9753985776983
1844,3203.6477611349605
1845,3201.9845379912754
1846,3050.4207696903954
1847,3120.7577277910987
1848,3059.9450601039134
1849,2976.617997323309
1850,3090.699735638838
1851,3039.1120249580804
1852,3136.154649833361
1853,3086.5985304329183
1854,3079.817684943734
1855,3060.5751234164654
1856,3040.6949260748465
1857,3079.972815218815
1858,2919.9719251832917
1859,3163.1996191269686
1860,2980.3146255861775
1861,3191.6457892203525
1862,3119.6119708081833
1863,3076.9416515026305
1864,3106.05591517012
1865,3041.9856409159884
1866,3036.0667580882036
1867,3107.076544661781
1868,3195.7406829684332
1869,3240.81415143562
1870,3047.9408091418427
1871,3250.5809691008194
1872,3169.736725884589
1873,3233.4322941927
1874,3066.967273292261
1875,3208.269580345145
1876,3136.981440848196
1877,3114.160230401138
1878,3214.5897164315197
1879,3204.0224801489235
1880,3246.6926562487934
1881,3243.9901005441834
1882,3203.428891606678
1883,3099.558644356943
1884,3146.615403845695
1885,3047.5857464783217
1886,3085.473083505927
1887,3201.001581391505
1888,3144.6262783136076
1889,3237.9340534573707
1890,3166.9717894200517
1891,3208.752496698232
1892,3197.554727322348
1893,3125.148431521787
1894,3114.8486567071186
1895,3148.336795352811
1896,3186.5358902744933
1897,3085.6324367676953
1898,3271.4240700868545
1899,2970.4996256665477
1900,3153.5750673626603
1901,3108.06750539542
1902,3124.0219273878115
1903,3145.318974274819
1904,3057.2992030269165
1905,3120.279756102949
1906,3105.234475520968
1907,3121.7470613115806
1908,3141.7157157584975
1909,3208.9906669535194
1910,3147.1120883421354
1911,2866.447130659388
1912,2948.784629745703
1913,3126.6721127049113
1914,3094.0993145132725
1915,3142.2067393517173
1916,3188.776627352739
1917,3009.0162624700556
1918,2991.804038508988
1919,3021.7707533474454
1920,3091.8171921558396
1921,3101.123478642508
1922,3103.2475824641574
1923,3260.2781697346873
1924,3232.0958566413788
1925,3235.0691728606575
1926,3209.602409799789
1927,3161.4332261828563
1928,3151.5410139835285
1929,3110.5147734911425
1930,3167.356440087549
1931,2962.965605927082
1932,3210.178708593931
1933,3125.4138862265922
1934,3192.5748319240834
1935,3235.4967374603993
1936,3043.739646591472
1937,3221.804993541745
1938,3171.209345053589
1939,3221.9673832105395
1940,3094.9138906576577
1941,3044.5274941646967
1942,3235.2977773969037
1943,3129.642953734966
1944,3092.783600896961
1945,2943.5694419597507
1946,3185.087061159631
1947,3252.6110240849302
1948,3064.7862023251505
1949,3069.746227766096
1950,3096.11028426115
1951,3201.4302462403402
1952,3156.971813183939
1953,2968.4285763547473
1954,3080.1766834817126
1955,3222.6035530195277
1956,3266.82796024517
1957,3080.757873940534
1958,3158.3706460389785
1959,3075.0341165429736
1960,3064.2782911355043
1961,3085.5333287476287
1962,3200.151005056999
1963,3194.3438538050955
1964,3190.980180585697
1965,3056.242343922846
1966,3108.812079385658
1967,2952.2975456311865
1968,3072.3144426298395
1969,3095.4595829555797
1970,3184.859599406379
1971,3210.59487245375
1972,3176.13578697686
1973,3167.8121622247927
1974,3001.3206321746675
1975,3096.5300752091257
1976,3176.8350775120052
1977,3156.0418201048483
1978,3142.865398223771
1979,3250.0578304775086
1980,3202.0324105049194
1981,2965.0164519842547
1982,3183.9494870443687
1983,3109.3335143436943
1984,3089.8865728573664
1985,3174.640673688589
1986,3215.2119015188473
1987,3215.06646597764
1988,3274.5161181080875
1989,3258.0759512233053
1990,3169.87238418276
1991,3217.7976459781544
1992,3252.9487527003407
1993,3237.140265831917
1994,3011.320928474613
1995,3131.846334753599
1996,3316.3906049214206
1997,3224.659523281027
1998,3173.251018738426
1999,3129.480878587342
2000,3235.9142009930843
2001,3209.0161788066557
2002,3199.4005050968926
2003,3259.4491904517263
2004,3224.413854958008
2005,3121.182701382271
2006,3255.7085008210374
2007,3211.4815884815107
2008,3127.28570394812
2009,3164.7445408009867
2010,3238.1455559599967
2011,3272.7982343900962
2012,3270.859788979168
2013,3323.399969528006
2014,3267.2502757426273
2015,3195.5739935033757
2016,3262.010641191589
2017,3168.8904720335695
2018,3137.874745165493
2019,3119.327605038634
2020,3201.121648681765
2021,3198.451571069862
2022,3144.4745000274625
2023,3066.3060566437603
2024,3245.834770744007
2025,3139.4465463568563
2026,3094.071105294165
2027,3103.5662983736956
2028,3214.973981708062
2029,3313.1499432485402
2030,3227.8269888901186
2031,3274.581367794246
2032,3309.165079981472
2033,3226.731947708098
2034,3162.3469445458345
2035,2975.9709385580186
2036,2848.327024489106
2037,3255.2797507408127
2038,3208.4117780706642
2039,3235.2105093369755
2040,3223.026609596806
2041,3269.716762465337
2042,3275.904294968374
2043,2902.251184928474
2044,3174.1852230025797
2045,3257.031179513304
2046,3175.4315242815724
2047,3266.8521736938415
2048,3252.6390345713244
2049,3246.1256706842423
2050,3186.480372684091
2051,3230.5871312561735
2052,3237.0278986859134
2053,3172.2985081576785
2054,3240.503455302873
2055,3236.916931185645
2056,3102.222267161684
2057,3305.336206323994
2058,3001.133314662106
2059,3294.39386838108
2060,3220.8964096112372
2061,3122.699731170164
2062,3160.0455387897237
2063,3151.2150131444673
2064,3203.809130865708
2065,3277.1597988882495
2066,3300.387615457095
2067,3207.5483962271987
2068,3226.7684729381276
2069,3251.774043471686
2070,3055.4946866102455
2071,3265.823757136922
2072,3125.4471028662388
2073,3230.5773712404857
2074,3069.0256735851576
2075,3334.4042506573323
2076,3159.554130665772
2077,3300.803907566467
2078,3254.089041906546
2079,3300.215998306327
2080,3289.043487759319
2081,3325.5592284436443
2082,2936.458007958935
2083,2992.1749302846256
2084,3258.2229963734
2085,3120.376201139125
2086,3157.307463022147
2087,2800.7885696739754
2088,3129.8982301622987
2089,3056.3725458921663
2090,2889.1851868844833
2091,3311.639046172331
2092,3172.810392833661
2093,3132.621554116073
2094,3021.1617129665533
2095,3117.392141728048
2096,3249.3344134141716
2097,3041.9217617332124
2098,3264.720261558157
2099,3280.612875554621
2100,3184.264828831525
2101,3103.8936357220255
2102,3240.185679209251
2103,3080.541333780558
2104,3103.5915260612583
2105,3104.020221771624
2106,3083.926782246876
2107,3235.9631316213467
2108,3248.92403039495
2109,3219.6964516884464
2110,3153.0905944627475
2111,3245.3530727936854
2112,3113.506155178122
2113,3223.600780499736
2114,3103.035461209992
2115,3306.228402155692
2116,3274.260440029196
2117,3130.1891124073913
2118,3358.071727864687
2119,3235.886977338971
2120,3277.970026604067
2121,3212.5184055532823
2122,3243.682234219204
2123,3295.612281903368
2124,3264.9365340736417
2125,3176.184427500995
2126,3313.8096462483095
2127,3233.3531556661733
2128,3252.0503009203876
2129,3270.81800630584
2130,3209.3771584425313
2131,3001.9161842632343
2132,3179.9013899655597
2133,3172.759630460425
2134,3138.5921258667654
2135,3219.072719240578
2136,3176.972769573242
2137,3219.1307631768946
2138,3147.2938437270777
2139,3226.503718150931
2140,3202.163989980113
2141,3146.979360885386
2142,3208.931242934137
2143,3282.2196336239
2144,3252.8819566968195
2145,3165.5359285030127
2146,3206.0700787718647
2147,3026.7933938664746
2148,3075.517586451163
2149,3149.6682209540845
2150,3176.3445855196514
2151,3271.972810912482
2152,3192.6136910380806
2153,3182.701432755903
2154,3245.41055092751
2155,3130.369415684143
2156,3196.2627108804218
2157,2894.823817513186
2158,3283.3678133815392
2159,3334.112840825928
2160,3093.8185770969035
2161,3107.2046853006973
2162,3233.847374129556
2163,3240.5417967151448
2164,3176.530029964937
2165,3268.657433297186
2166,3260.9300092750796
2167,3315.9323470612803
2168,3269.0873826861107
2169,3330.1994803077714
2170,3185.908710930883
2171,3138.835647785737
2172,3050.5609966706265
2173,3276.8964401074713
2174,3255.306673382114
2175,3253.8368093952595
2176,3242.121144318984
2177,3221.5919451622917
2178,3079.865325525074
2179,3227.0268958304964
2180,3269.7502698221183
2181,3179.480115714272
2182,3171.138641289309
2183,3261.0546916985872
2184,3024.500475083902
2185,3117.8141227897927
2186,2983.847082321833
2187,3197.824771151836
2188,3223.4067406250547
2189,3177.2379885662217
2190,3234.443826395169
2191,3134.9897978184063
2192,3071.209472137824
2193,3065.627440778294
2194,2978.2530700599955
2195,3245.3868459090136
2196,3307.334556580452
2197,3133.763629983213
2198,3301.949277282388
2199,3180.2166075443547
2200,3236.0662055929997
2201,3164.278622690013
2202,3280.777276181204
2203,3215.0441236121505
2204,3239.226105593681
2205,3204.6826242144607
2206,3132.6598021572945
2207,3106.9225316321763
2208,3309.0671403071883
2209,3126.340610252871
2210,3134.518262446561
2211,3228.559493094679
2212,3056.627485647633
2213,3126.275254600109
2214,3257.380513952289
2215,3346.629921163039
2216,3297.307384089506
2217,3309.68450097008
2218,3298.5430698245104
2219,3214.9739790273557
2220,3296.763710535354
2221,3211.128340809377
2222,3266.6705164995997
2223,3219.072177373084
2224,3261.4052558265744
2225,3265.9979630000203
2226,3120.353110841636
2227,3148.581926919185
2228,3247.5716075831147
2229,3283.7043366071102
2230,3187.144382575314
2231,3234.9778080427195
2232,3260.453006020176
2233,3282.0590515601207
2234,3305.8356727353967
2235,3239.2172428533227
2236,3230.3033224495
2237,3297.328119175708
2238,3219.5174452447977
2239,3336.714447573743
2240,3196.875986719889
2241,3154.239858582766
2242,3021.9536108068423
2243,3086.9813607320607
2244,3096.1468000364275
2245,3228.1301470607923
2246,3114.490740612166
2247,3192.28182785218
2248,3096.875045487747
2249,3179.702999912776
2250,3162.9710772993426
2251,3242.4885158037987
2252,3265.652528947972
2253,3277.013817761919
2254,3236.0970759036427
2255,3207.9207838383318
2256,3187.2636956173114
2257,3098.224817428169
2258,3233.043802511638
2259,3296.658415065027
2260,3233.713425883717
2261,3223.5559357232232
2262,3164.059170629107
2263,3042.892047842962
2264,3139.1373137584533
2265,3312.5764497426476
2266,3240.4860749680342
2267,3215.627592785352
2268,3330.195575225735
2269,3305.4480165054047
2270,3067.3765868000746
2271,3299.5017479291396
2272,3318.376615598827
2273,3308.7551470141834
2274,3300.197332554539
2275,3248.570422743186
2276,3325.1437563276313
2277,3295.8537204579097
2278,3286.467110494953
2279,3179.0531784808168
2280,3092.465097296007
2281,3321.0051664388593
2282,3319.820714037071
2283,3263.3234107042276
2284,3339.2770546247866
2285,3223.1181872542465
2286,3204.3604898864637
2287,3208.0061801911966
2288,3217.2899819222566
2289,3097.7617671284684
2290,3333.146764446703
2291,3366.7506465485303
2292,3251.550355271479
2293,3237.0526815829116
2294,3306.3004630304704
2295,3315.7281681091304
2296,3109.318912873971
2297,3166.9897627903947
2298,3247.500977729836
2299,3298.021539075005
2300,3118.227374215752
2301,3200.92871861416
2302,3211.7041588819525
2303,3365.3356755444315
2304,3234.7743013809036
2305,3163.182984626312
2306,3279.0661382071685
2307,3209.936170078882
2308,3237.984660277921
2309,3208.9941158604415
2310,3299.898610733431
2311,3303.2946575069186
2312,3204.9900637934306
2313,3314.9822839369895
2314,3197.2809086297902
2315,3277.600960674196
2316,3295.594026522274
2317,3206.3374246230437
2318,3290.8853585103875
2319,3269.2673263347683
2320,3164.1446315707403
2321,3253.1436168236487
2322,3175.748998953886
2323,3063.6427656010887
2324,3305.8869051105585
2325,3296.5630597851928
2326,3259.5936874992517
2327,3330.0556906227002
2328,3341.259780497471
2329,3368.471780762274
2330,3292.3091967585465
2331,3282.049034425664
2332,3290.409425215878
2333,3252.5560591945004
2334,3183.2108762245407
2335,3292.2315892068023
2336,3309.1195256807296
2337,3255.125181004789
2338,3255.850602131298
2339,3234.6494589233453
2340,3229.986159699161
2341,3258.3839883045666
2342,3277.7732789429756
2343,3302.652213990761
2344,3203.9744024024976
2345,3269.3716042115148
2346,3222.3952128282767
2347,3268.8190460315664
2348,3223.2839412843705
2349,3317.583273122388
2350,3191.125776824648
2351,3243.5473832160587
2352,3354.1096355544764
2353,3279.5012804155263
2354,3319.614678734522
2355,3303.9680658903667
2356,3327.3578293230516
2357,3320.4996738450923
2358,3328.1247738701277
2359,3307.8551530104032
2360,3236.3248275933006
2361,3299.834824485439
2362,3294.2767977636036
2363,3334.2686095167414
2364,3215.9331558538906
2365,3269.5267706303284
2366,3311.267411072967
2367,3262.6976507934537
2368,3326.7581979158927
2369,3328.678866968692
2370,3093.1026670877554
2371,3347.6022601846375
2372,3293.631804281458
2373,3287.498711678733
2374,3290.0172173647634
2375,3258.257928101066
2376,3317.6493587224495
2377,3304.793740788638
2378,3287.3338361146316
2379,3308.7383930125648
2380,3370.2272145709308
2381,3321.4036317787013
2382,3295.256395673813
2383,3284.7285166644615
2384,3338.007044642413
2385,3309.857251094195
2386,3295.354395269453
2387,3235.915210617233
2388,3309.1504587770787
2389,3326.8050233864165
2390,3348.0349465719896
2391,3335.576675365561
2392,3339.5779876620118
2393,3329.5234762274135
2394,3276.337535153589
2395,3286.2989294318845
2396,3305.7747111292674
2397,3357.4365841639838
2398,3294.057038667052
2399,3339.9020153819874
2400,3347.6322028987393
2401,3284.8538019055354
2402,3277.7439581496806
2403,3286.4311978714136
2404,3249.2279337684954
2405,3313.0987241419753
2406,3318.076205861042
2407,3338.0482859461317
2408,3290.1103742809773
2409,3208.6121918974827
2410,3266.082949536256
2411,3321.3266927430755
2412,3185.3153448193234
2413,3338.099589825213
2414,3346.3110395330077
2415,3303.807869521359
2416,3362.5133048866182
2417,3281.811733212574
2418,3288.832022490969
2419,3304.2122049054287
2420,3303.3556082905966
2421,3026.3616918660564
2422,3365.800142219541
2423,3345.082589115986
2424,3345.214901798321
2425,3275.543321071216
2426,3202.7057490039197
2427,3233.0705039222194
2428,3276.886789341212
2429,3189.2476839748206
2430,3329.7394146061247
2431,3001.288492574221
2432,3328.745761278432
2433,3357.4211335319246
2434,3246.12458106637
2435,3301.5183116048797
2436,3239.8293191489774
2437,3353.268624488897
2438,3306.014807015202
2439,3311.77663195628
2440,3309.7929238416514
2441,3360.830840313457
2442,3359.757292830194
2443,3299.483916745887
2444,3277.661136295392
2445,3279.961874955239
2446,3249.5417195732357
2447,3350.094998170223
2448,3247.1786598594363
2449,3305.8558572304755
2450,3313.0421235856807
2451,3386.369067788538
2452,3277.1851449813707
2453,3286.580058389475
2454,3263.5341389975515
2455,3236.833064136313
2456,3361.8402561834596
2457,3312.182051340132
2458,3326.9825712371494
2459,3308.693412709592
2460,3349.96292716786
2461,3360.127601446592
2462,3279.2220165409044
2463,3290.8142932670266
2464,3235.8929176907495
2465,3289.3263218968823
2466,3299.4855012116864
2467,3310.9718261141943
2468,3207.33006114414
2469,3233.8889483886437
2470,3272.9636637343565
2471,3153.2356413381685
2472,3148.7652969328665
2473,3261.7488441395253
2474,3342.1604608037055
2475,3218.6522572204594
2476,3284.4131775963037
2477,3245.9467281750685
2478,3266.858062473996
2479,3351.526568789253
2480,3343.8364506891066
2481,3304.8974532919906
2482,3369.0194969413596
2483,3361.478964761635
2484,3286.5188224558174
2485,3316.120170400676
2486,3384.498925041528
2487,3354.8261166419243
2488,3396.535175580365
2489,3373.016861871643
2490,3385.8268877841765
2491,3329.9405219767614
2492,3251.5080855569117
2493,3303.971711677948
2494,3360.168714715485
2495,3210.159999376081
2496,3319.8562671010723
2497,3365.6020956521593
2498,3388.4024295984223
2499,3309.2111294782685
2500,3337.355234635664
2501,3420.8977551799853
2502,3332.1361125980616
2503,3384.4050746026073
2504,3377.889972447871
2505,3343.778622072427
2506,3388.324795494574
2507,3306.38187916093
2508,3298.088534414364
2509,3292.1209173750444
2510,3287.319240704396
2511,3353.219042568171
2512,3359.694010464247
2513,3311.373034705432
2514,3312.65157464153
2515,3282.8032700655735
2516,3317.6406835135253
2517,3362.906703197244
2518,3301.9982771421232
2519,3297.7011991851127
2520,3290.7215905765415
2521,3265.562358230739
2522,3298.4326642777996
2523,3346.362259722607
2524,3352.2903034409214
2525,3272.1263266654005
2526,3286.0027233276946
2527,3267.3662913464773
2528,3215.001939454418
2529,3320.040503286692
2530,3335.02947967062
2531,3271.364083556463
2532,3319.2924387438507
2533,3330.9234357004475
2534,3294.418181381927
2535,3366.015160271643
2536,3334.476089629402
2537,3369.2686570935716
2538,3303.9376850384187
2539,3308.6515852554394
2540,3350.8755859615203
2541,3323.5256386388014
2542,3369.049826149889
2543,3355.5681801530827
2544,3361.5165534983075
2545,3347.661698375584
2546,3357.0002873056364
2547,3333.349002331442
2548,3345.4355821752147
2549,3344.445327104249
2550,3397.448229636935
2551,3311.716804825658
2552,3332.0089356680087
2553,3352.9215559022496
2554,3294.8024029412313
2555,3325.394576886175
2556,3350.5806085854247
2557,3301.17122073315
2558,3365.8591757160434
2559,3342.7912961680695
2560,3302.247023748905
2561,3310.2851003630917
2562,3380.2993020193467
2563,3277.703099878995
2564,3363.9426806478027
2565,3223.3659194315483
2566,3162.832426140952
2567,3222.499203155562
2568,3236.8457171314
2569,3359.0783874412205
2570,3348.7493937190725
2571,3326.8072871947875
2572,3375.913311774206
2573,3250.1917002926916
2574,3339.015625546662
2575,3323.4188239778778
2576,3347.0629646687107
2577,3317.8428066363035
2578,3306.8503592771785
2579,3358.836489511219
2580,3353.0661881661986
2581,3341.969331122226
2582,3302.7787502467854
2583,3320.859854992916
2584,3268.562429880657
2585,3321.422750017243
2586,3384.0029730675315
2587,3382.788453062415
2588,3289.9098821157
2589,3306.405968188505
2590,3392.9825691817746
2591,3345.1150318199766
2592,3358.076003797736
2593,3316.0284973143093
2594,3337.274007483368
2595,3358.5371738950557
2596,3348.6912265023666
2597,3220.7461501193234
2598,3313.2133875759314
2599,3302.855848011966
2600,3356.001018140283
2601,3321.6051875472863
2602,3323.83339172572
2603,3281.851976555914
2604,3319.3196757891938
2605,3286.1215548647856
2606,3367.73348918708
2607,3371.939345050025
2608,3356.1864264704714
2609,3354.113720524733
2610,3376.1416177911433
2611,3247.0895385432714
2612,3329.4540532516676
2613,3356.8430313507633
2614,3362.6981932037284
2615,3317.4071765258814
2616,3381.817162195217
2617,3344.2536920618873
2618,3330.4436069684875
2619,3337.3813275877133
2620,3226.6234047174253
2621,3348.8702441881983
2622,3280.8284572218945
2623,3348.641685592072
2624,3403.3313540640816
2625,3384.171578539126
2626,3354.8476743750625
2627,3349.00315897243
2628,3353.9329464817233
2629,3336.0635116231665
2630,3362.395267922914
2631,3307.285061835627
2632,3405.828745761486
2633,3343.0378394211907
2634,3362.6949347027826
2635,3377.018978505847
2636,3356.5984401221285
2637,3349.1518235221793
2638,3345.373653257802
2639,3416.0134254857066
2640,3353.8025792122116
2641,3356.4457504415705
2642,3309.8760846035266
2643,3405.1091656674485
2644,3198.4917909105475
2645,3386.8552305291914
2646,3335.9949429703242
2647,3327.5008553722723
2648,3312.3444032177517
2649,3375.7962809611004
2650,3344.4664000341
2651,3330.200806857588
2652,3199.8635385676525
2653,3313.93875051353
2654,3285.993930009621
2655,3329.919504589559
2656,3333.2081121320175
2657,3369.171356089942
2658,3414.2355494551794
2659,3172.642325602962
2660,3266.1443777139357
2661,3349.061853723213
2662,3390.7836446186784
2663,3326.698544608481
2664,3363.2725918839355
2665,3296.3433053033805
2666,3391.173142344259
2667,3244.399695162594
2668,3340.89420871391
2669,3383.6123390537946
2670,3361.579539827871
2671,3406.2469311963005
2672,3414.2386809500686
2673,3352.1627537516733
2674,3283.5810560914047
2675,3353.7559424520146
2676,3383.1266709144006
2677,3346.757245716584
2678,3297.293406534343
2679,3350.5839736797775
2680,3357.073378110949
2681,3356.802807055793
2682,3315.0042855461165
2683,3418.3980015753914
2684,3122.8766312792486
2685,3355.806146401896
2686,3362.548634273477
2687,3374.294118748368
2688,3369.657864771935
2689,3368.4045652428367
2690,3328.0194994806743
2691,3368.5183494608536
2692,3366.3624146348966
2693,3369.641954837842
2694,3397.9173422323397
2695,3338.1698668969443
2696,3306.3819189525702
2697,3304.4042400970693
2698,3387.7314042230596
2699,3308.563948660315
2700,3325.989216132387
2701,3386.7921661783225
2702,3408.4689822278447
2703,3325.818801225586
2704,3408.9728019331014
2705,3372.706125997705
2706,3370.6780319139825
2707,3344.133835927692
2708,3378.592781205942
2709,3351.562672953012
2710,3330.1337331640516
2711,3408.5894355837586
2712,3377.3879209970373
2713,3363.8956290976284
2714,3426.696054294589
2715,3405.984622585544
2716,3254.2807675076515
2717,3319.3640075065614
2718,3313.752637578392
2719,3380.6253933872495
2720,3394.8035070037768
2721,3359.842525226181
2722,3377.701876569362
2723,3360.016063221786
2724,3308.7739289560363
2725,3276.5784152306305
2726,3291.1921083289644
2727,3342.497632516344
2728,3316.3051492181676
2729,3371.00300210584
2730,3231.1632780859854
2731,3336.3195650975385
2732,3293.436729169012
2733,3361.553099789431
2734,3365.108727599057
2735,3398.9723621508333
2736,3384.1645153523173
2737,3405.0619948147164
2738,3306.930940132544
2739,3356.068149090301
2740,3325.651148349847
2741,3285.278339297576
2742,3317.519737367892
2743,3328.7819869178225
2744,3383.9517889786853
2745,3312.9947068117663
2746,3338.101746283911
2747,3369.4917212672353
2748,3343.7297249693925
2749,3330.756771741652
2750,3248.159718061448
2751,3355.3209268959554
2752,3323.0784066042897
2753,3352.509448030889
2754,3397.947377384797
2755,3408.260078762986
2756,3361.23264521108
2757,3409.426452662475
2758,3362.647885887972
2759,3380.0488036536094
2760,3411.448794958791
2761,3432.1986734003717
2762,3377.7562745774776
2763,3369.738462883877
2764,3294.1868348069656
2765,3441.0790500963512
2766,3409.921050825505
2767,3355.318407673992
2768,3360.8182595805492
2769,3350.38224182919
2770,3410.4581427697726
2771,3376.2207912589697
2772,3351.2791005460986
2773,3433.105587307469
2774,3389.7905520315517
2775,3392.4674386027687
2776,3412.326089785248
2777,3384.4805789929073
2778,3371.8834254666644
2779,3372.7680080241216
2780,3355.8251347882933
2781,3383.0902053875247
2782,3389.0134878972544
2783,3431.5646262498963
2784,3404.2292768478887
2785,3298.5723588241312
2786,3374.418312066504
2787,3362.1242280917645
2788,3369.3107126171035
2789,3340.981829840207
2790,3406.2090822156642
2791,3303.9448957606724
2792,3367.099321443411
2793,3362.981237245599
2794,3391.039933145133
2795,3387.4521810034707
2796,3360.9216387321917
2797,3370.6131386231136
2798,3319.8428530384977
2799,3384.197419002808
2800,3290.070289697799
2801,3374.7558823042405
2802,3413.8222622127905
2803,3404.2808437055205
2804,3345.032674386013
2805,3395.89321951877
2806,3393.2362853911127
2807,3392.4017843303186
2808,3378.524067661907
2809,3315.443645427768
2810,3341.455956491662
2811,3385.7810140434153
2812,3380.3607519560323
2813,3357.7432498858707
2814,3354.9257637947057
2815,3353.0871302004675
2816,3369.2043757446604
2817,3423.8172786062055
2818,3403.776143568216
2819,3394.2301998775747
2820,3375.313680802805
2821,3345.8933584510632
2822,3425.585343194633
2823,3379.03957123611
2824,3414.8803914824252
2825,3398.653316943189
2826,3406.8235723379116
2827,3397.0820496292727
2828,3457.5312301931667
2829,3395.1490731170084
2830,3418.288275993522
2831,3413.2572296017543
2832,3312.8868646789774
2833,3302.1789769744737
2834,3335.3073475479596
2835,3397.8670293876085
2836,3379.5431019431994
2837,3393.3947379051433
2838,3405.7546612941483
2839,3403.401768070058
2840,3402.8894981071758
2841,3244.653088368383
2842,3382.114647180637
2843,3404.7097699568712
2844,3372.831632340881
2845,3391.959465653735
2846,3397.5147617205103
2847,3365.78689917214
2848,3377.803801700086
2849,3349.9875156188996
2850,3442.0919382213597
2851,3339.9310264255982
2852,3424.2927912025198
2853,3387.056258965267
2854,3371.295028300417
2855,3363.728497943506
2856,3377.119036646294
2857,3360.9797111042926
2858,3425.274885235046
2859,3360.760111580128
2860,3272.7642226071475
2861,3397.6633731752436
2862,3363.6045056454345
2863,3380.9781394918396
2864,3416.110287628386
2865,3306.4671840824612
2866,3406.7444544269865
2867,3355.203554693728
2868,3372.5898622868567
2869,3395.150611669696
2870,3376.355596922275
2871,3383.405530348568
2872,3353.7485390687953
2873,3317.3252984251203
2874,3414.2902376535344
2875,3368.599137642693
2876,3415.1326560854827
2877,3342.16670238529
2878,3403.803744732379
2879,3381.3875126352686
2880,3318.2883166186566
2881,3396.557725428445
2882,3429.2694420892763
2883,3391.2463701502543
2884,3427.399527463277
2885,3421.3700809933657
2886,3409.426965759247
2887,3300.4856108567355
2888,3417.7301593392212
2889,3358.8118602259456
2890,3421.7697628240458
2891,3429.6044598321787
2892,3297.665663359349
2893,3413.157441045374
2894,3441.8526838980833
2895,3416.353735895593
2896,3363.8286103200912
2897,3374.640753864818
2898,3385.776523042791
2899,3202.219543971849
2900,3387.7128602851185
2901,3390.811257325076
2902,3434.6676706088565
2903,3399.168227661274
2904,3408.8757717150847
2905,3394.077339218789
2906,3412.8029442478833
2907,3312.063306194937
2908,3384.1478464470865
2909,3343.898637697336
2910,3361.5875918387705
2911,3365.5045117300265
2912,3410.2540991903884
2913,3301.3797406973054
2914,3338.2100514933354
2915,3384.488414880435
2916,3378.304481580208
2917,3366.902567026489
2918,3353.3468001727624
2919,3375.3248722098
2920,3394.5037812460782
2921,3356.4799855646697
2922,3356.747204071588
2923,3337.898869483786
2924,3429.4506859049084
2925,3361.883383575089
2926,3433.713089966069
2927,3255.488253334008
2928,3428.910037025294
2929,3403.0241706729716
2930,3399.455104904738
2931,3433.094832700204
2932,3398.5253660674016
2933,3270.689300261919
2934,3357.5138497682915
2935,3351.152128235392
2936,3382.871086655341
2937,3351.884672082675
2938,3448.802938176585
2939,3382.0629420122063
2940,3354.8558969004066
2941,3203.6491125189596
2942,3410.275675992224
2943,3376.401937080528
2944,3398.217659784837
2945,3384.5093504838223
2946,3443.6613753240613
2947,3384.3396213835454
2948,3396.6619111694417
2949,3404.282570856202
2950,3373.344108110746
2951,3418.527486996796
2952,3383.1641378731997
2953,3416.039821608912
2954,3329.3097431331717
2955,3366.7851263619527
2956,3411.354441489622
2957,3388.3631897317996
2958,3449.035932512878
2959,3355.926577180501
2960,3337.1951024852506
2961,3354.8532992621954
2962,3370.14536181791
2963,3424.7992862767596
2964,3355.7374029303587
2965,3375.8441400720453
2966,3358.806680263158
2967,3416.6036601232395
2968,3397.6416191039348
2969,3416.790435562297
2970,3444.270030699769
2971,3341.9484889504292
2972,3427.280707340818
2973,3407.502502311171
2974,3402.9089295153613
2975,3414.7830954615692
2976,3368.2904786282306
2977,3310.6958255377813
2978,3264.212665104808
2979,3291.4109188634943
2980,3377.4215212031554
2981,3371.121815132953
2982,3389.921621305782
2983,3425.714034112366
2984,3364.798110977657
2985,3352.81054492056
2986,3319.9287686631933
2987,3368.717547934406
2988,3407.5908869632717
2989,3372.429877295783
2990,3273.2545588205744
2991,3359.821019055296
2992,3387.7466495033345
2993,3418.583631612075
2994,3397.4816153755696
2995,3414.0287276286845
2996,3421.0384571795466
2997,3440.955353985127
2998,3442.7176256254797
2999,3441.9088882464152
3000,3363.0642232551804
3001,3425.7862375302043
3002,3347.506387667237
3003,3427.5591802018275
3004,3364.26770014725
3005,3399.2108567038476
3006,3442.390321742489
3007,3384.0596218741875
3008,3413.5844350850907
3009,3360.195043540431
3010,3436.4582729813756
3011,3381.3940784534207
3012,3399.204077763841
3013,3373.817476005141
3014,3401.463006195174
3015,3245.8195828523258
3016,3371.784772479494
3017,3372.2743085424086
3018,3309.9923077503404
3019,3305.6703364964633
3020,3431.1055148018468
3021,3407.9917002971933
3022,3390.63435524061
3023,3447.8110056876653
3024,3373.7332130620184
3025,3398.083298544977
3026,3375.348449807904
3027,3393.1658329363663
3028,3384.1484741208683
3029,3397.980923857594
3030,3403.8283446333157
3031,3425.6879850099376
3032,3371.4843346135117
3033,3395.831039595267
3034,3389.487160844519
3035,3319.564897088398
3036,3318.95605389744
3037,3344.348756540415
3038,3374.0981333500245
3039,3330.6835454053903
3040,3352.9901202052606
3041,3410.331418472502
3042,3412.299505359654
3043,3372.467010460869
3044,3388.4642218039335
3045,3438.882816632309
3046,3351.935651687366
3047,3353.678862250161
3048,3412.3703667321865
3049,3394.644555027826
3050,3391.34976265607
3051,3393.0481631627454
3052,3412.3590009901
3053,3361.9693198500872
3054,3387.2322068470785
3055,3398.3420426518337
3056,3316.271607813467
3057,3363.9036386778253
3058,3335.6622894376333
3059,3311.9370003846134
3060,3348.5412488858524
3061,3345.3390971625663
3062,3347.2211264813905
3063,3387.952957784337
3064,3425.9083171241114
3065,3353.912661328623
3066,3433.7978754797437
3067,3432.1226113777143
3068,3446.1083685045846
3069,3423.9207547598594
3070,3451.928975479085
3071,3338.7090811962503
3072,3358.8865874527173
3073,3380.699767394354
3074,3382.81033590274
3075,3325.494133062029
3076,3389.9230619033365
3077,3376.528548841837
3078,3374.806943241304
3079,3383.025971515349
3080,3374.35407036961
3081,3388.644846690939
3082,3448.3804775983913
3083,3432.180477953668
3084,3435.3358122227
3085,3322.4641830968153
3086,3354.0169911072585
3087,3406.376883675634
3088,3376.9642092729664
3089,3316.7197054737576
3090,3439.1621954900893
3091,3358.268955163642
3092,3349.4304457217613
3093,3430.486633300819
3094,3409.7514837701688
3095,3371.336467287595
3096,3380.0283623974806
3097,3295.56655557532
3098,3420.6566342938786
3099,3401.2495646960283
3100,3325.775300972778
3101,3364.1028855181958
3102,3394.577051352428
3103,3402.6451962113565
3104,3366.392942641858
3105,3385.3764652663876
3106,3320.572939086605
3107,3258.1088441657935
3108,3407.5356209262504
3109,3441.8292013336013
3110,3402.6196752935994
3111,3389.7215471976733
3112,3383.662418706954
3113,3379.4526807222674
3114,3405.914274922461
3115,3366.1819335399555
3116,3394.138172339972
3117,3400.5377594241845
3118,3436.1018494565387
3119,3377.328796492128
3120,3405.9198118514823
3121,3324.8385932114966
3122,3235.96550369002
3123,3397.0321521526757
3124,3375.706848438284
3125,3387.7272053145875
3126,3293.446046468743
3127,3391.023130691609
3128,3431.25698802101
3129,3378.442063067327
3130,3215.913969787741
3131,3378.678852551073
3132,3395.735120663732
3133,3328.1758634504904
3134,3304.6974411648184
3135,3389.073304771108
3136,3377.4370979441524
3137,3346.2247488660673
3138,3400.746228632352
3139,3367.4949667231876
3140,3397.941848474667
3141,3393.116054596151
3142,3374.6364514427587
3143,3381.624904072084
3144,3408.9457576322066
3145,3418.3893314211728
3146,3386.7885221418446
3147,3341.8942677643295
3148,3362.829418369864
3149,3231.4971621434584
3150,3295.556326353019
3151,3252.5572005003055
3152,3392.4585199945095
3153,3228.637824698256
3154,3264.596480955007
3155,3338.4173851719493
3156,3412.612430656806
3157,3355.5064549588014
3158,3257.7706493265378
3159,3395.1738867460913
3160,3367.8023019997127
3161,3388.45974210701
3162,3299.869317789937
3163,3321.9611069399407
3164,3371.384714578243
3165,3423.28066594989
3166,3359.1319340074974
3167,3448.709384619955
3168,3374.0923406708453
3169,3401.2625620177787
3170,3438.644667758704
3171,3422.633092840522
3172,3375.5269485587332
3173,3390.6383859657344
3174,3381.303205169291
3175,3388.5219065595115
3176,3419.2028302138456
3177,3390.7476190684447
3178,3367.1008763599093
3179,3348.486826308587
3180,3361.469319580824
3181,3349.575257555258
3182,3443.2794194875623
3183,3348.1637905780103
3184,3391.1189258878053
3185,3414.1538446386235
3186,3324.171995795699
3187,3323.2292436993134
3188,3344.823325044
3189,3328.962608424332
3190,3436.614637855743
3191,3413.0930577559147
3192,3450.4644905963996
3193,3424.6735808152794
3194,3396.8842271500766
3195,3385.7265616789073
3196,3403.5129166648944
3197,3380.314406956565
3198,3410.232327259812
3199,3448.199304187977
3200,3404.4243178161196
3201,3405.66260076677
3202,3424.5624031576776
3203,3382.254714171279
3204,3405.0618298340387
3205,3427.7535546861623
3206,3416.4843018576025
3207,3402.963641665686
3208,3351.0940627895843
3209,3385.130863582278
3210,3347.1019745117924
3211,3323.0786293563583
3212,3366.1624380726453
3213,3355.833109045887
3214,3381.745782693666
3215,3389.3718616205815
3216,3333.1020681978084
3217,3423.548189891766
3218,3404.295827983057
3219,3429.093379204979
3220,3364.737810655352
3221,3396.371330316257
3222,3334.1872900932244
3223,3402.579511437502
3224,3402.140090205863
3225,3402.1261163294143
3226,3428.353251081091
3227,3384.3596509215367
3228,3381.82800648004
3229,3411.455928863466
3230,3379.1105085103545
3231,3379.336169123071
3232,3406.483093918213
3233,3374.785464155434
3234,3405.8679934251268
3235,3423.252522233738
3236,3391.3539309803828
3237,3379.004398925001
3238,3368.7100968010936
3239,3388.9705618980984
3240,3350.8403484214155
3241,3423.5246248382514
3242,3350.5169184895867
3243,3385.8506599091356
3244,3399.498227588952
3245,3282.676844703316
3246,3436.9435217092955
3247,3362.6306584514246
3248,3381.991359625593
3249,3415.2611209997876
3250,3407.0195290503148
3251,3383.2640456527433
3252,3391.487735685493
3253,3414.0625451846017
3254,3385.470362928994
3255,3375.916546517636
3256,3426.6311838320016
3257,3458.495137832142
3258,3419.0882677024515
3259,3455.9093499202627
3260,3410.641583421319
3261,3402.572870911673
3262,3373.1328354111465
3263,3431.91825331427
3264,3359.5934945590925
3265,3418.2882332577965
3266,3424.746154924867
3267,3404.4230859002373
3268,3299.4555729167832
3269,3331.8233103548987
3270,3323.7845356573002
3271,3369.7883333944737
3272,3426.4537331700817
3273,3413.3270945738577
3274,3367.7567183549795
3275,3292.0561222488054
3276,3388.5770830386687
3277,3346.0428433240118
3278,3415.9144733165726
3279,3372.1676774668395
3280,3335.210854637074
3281,3346.688479569928
3282,3383.898592561928
3283,3436.1750026711843
3284,3404.5252706408146
3285,3439.894569336223
3286,3420.6609664193743
3287,3412.8634759580273
3288,3449.8088362881363
3289,3395.978884179727
3290,3378.460625937416
3291,3339.0270686656813
3292,3358.462201145784
3293,3377.7135159962277
3294,3416.8093236254435
3295,3478.3365682987587
3296,3436.9771046665237
3297,3425.1136389342482
3298,3441.1654461776034
3299,3461.443651828523
3300,3417.59083151906
3301,3404.9829507052546
3302,3415.326468454033
3303,3468.888893147099
3304,3390.475654494167
3305,3442.721997186182
3306,3365.6172580707785
3307,3398.101116644251
3308,3415.331226544811
3309,3398.4538926495297
3310,3434.5424752686795
3311,3442.1906799873673
3312,3428.6588328786834
3313,3395.7284831209245
3314,3379.2407900284256
3315,3403.351223150131
3316,3399.5263539868074
3317,3397.0648185410764
3318,3445.602771282083
3319,3436.7208421971504
3320,3423.896471581734
3321,3422.1230022397876
3322,3394.3082689767202
3323,3361.445726413105
3324,3400.4791024835636
3325,3442.4283582675325
3326,3471.8456460305433
3327,3363.518136220695
3328,3450.065418077787
3329,3365.185074555186
3330,3386.555786141711
3331,3398.5737710224753
3332,3404.826000903825
3333,3422.7456211297
3334,3441.358221142723
3335,3453.245794033462
3336,3437.004723541672
3337,3373.3234749008716
3338,3390.089304638668
3339,3381.3557969562526
3340,3381.586389192648
3341,3407.938083271993
3342,3315.539964474256
3343,3429.444093723063
3344,3429.372971990963
3345,3445.1195125581226
3346,3384.00322703817
3347,3436.746248080399
3348,3448.9497728314473
3349,3405.277267618964
3350,3402.7833376155845
3351,3378.8173242829475
3352,3410.453896340111
3353,3429.465999156191
3354,3437.3408751966012
3355,3441.0140460895796
3356,3480.478134458997
3357,3443.5582631824846
3358,3427.8781718742257
3359,3443.95569005809
3360,3480.355533170786
3361,3447.4778690561743
3362,3411.522472848778
3363,3457.589694982759
3364,3419.7286428819934
3365,3438.845976014516
3366,3417.1740614872724
3367,3452.065945120545
3368,3437.635022594258
3369,3477.76660711534
3370,3452.4788393999165
3371,3432.613697205406
3372,3423.697075036324
3373,3444.6550110340645
3374,3437.283844539141
3375,3446.2810821759144
3376,3439.43227046477
3377,3419.3862279713053
3378,3444.3137893955964
3379,3420.4212652057463
3380,3476.7077514869297
3381,3396.405551098075
3382,3495.7858374209904
3383,3316.82454297847
3384,3423.292638334408
3385,3405.3742850324134
3386,3422.010926908129
3387,3428.730609154576
3388,3417.3416836847096
3389,3455.024978040951
3390,3404.535635811385
3391,3428.690935522887
3392,3340.471862514428
3393,3449.4988833343778
3394,3425.5683262396938
3395,3438.486690479382
3396,3396.500317629315
3397,3384.290412522269
3398,3345.016912589524
3399,3391.0906759756795
3400,3394.299771199129
3401,3429.3191714095683
3402,3387.705956013768
3403,3413.8673700790073
3404,3390.3210940480026
3405,3391.5767166049477
3406,3338.959060967314
3407,3450.9771522109677
3408,3427.4765364080695
3409,3409.5969062195463
3410,3338.403705840964
3411,3372.3210253286343
3412,3347.3394396039707
3413,3418.677901203513
3414,3401.9504742964996
3415,3391.7803376564752
3416,3447.19165632189
3417,3445.1372264965817
3418,3437.678151594025
3419,3357.8081701401384
3420,3425.003634263313
3421,3342.196705286913
3422,3016.7097634302654
3423,3419.314434241762
3424,3277.129891303384
3425,3395.1822885009874
3426,3310.7963315336688
3427,3378.001506845509
3428,3303.8251821730973
3429,3381.3513079894096
3430,3335.0491663458592
3431,3392.9811317061444
3432,3402.151897180485
3433,3401.445045103844
3434,3395.1087623954254
3435,3282.172289179969
3436,3401.8464104427403
3437,3373.1072043021527
3438,3361.435930789671
3439,3365.497952592598
3440,3337.6968908710533
3441,3384.524145484449
3442,3397.2963085862975
3443,3385.573112690018
3444,3416.398065674032
3445,3408.7935846327905
3446,3410.932284251913
3447,3368.715165716872
3448,3452.423535426339
3449,3341.2869245414263
3450,3380.075902778231
3451,3343.797718528651
3452,3377.1190920199965
3453,3415.240764287446
3454,3431.96546745811
3455,3395.0562836799795
3456,3380.607668484113
3457,3332.9319546289926
3458,3373.6149220658795
3459,3385.4777411515856
3460,3363.3733122754584
3461,3375.730069222049
3462,3404.8102433501667
3463,3439.7984882156456
3464,3413.567029904072
3465,3393.944874856416
3466,3435.9189935872832
3467,3445.1839682744016
3468,3349.1667860547423
3469,3415.9922415394426
3470,3387.136587963094
3471,3418.5118503141716
3472,3422.003692544771
3473,3446.604900956777
3474,3434.1847953584943
3475,3479.9286091693025
3476,3456.6166267962835
3477,3440.783955383704
3478,3413.7020586041376
3479,3412.550704459399
3480,3343.9067708407074
3481,3408.0666963059257
3482,3418.34296028036
3483,3394.626786990626
3484,3419.853376775323
3485,3349.6888215290323
3486,3410.333516341079
3487,3421.0166982978253
3488,3286.9618938194353
3489,3423.9991422600247
3490,3365.5182733369093
3491,3450.7876713298447
3492,3387.8016963743344
3493,3389.5103516001313
3494,3364.200797855536
3495,3434.522204164295
3496,3330.708612262604
3497,3380.8129938551374
3498,3399.2370440636955
3499,3407.7584814317725
3500,3384.37337237906
3501,3420.9186427871055
3502,3382.9835153575827
3503,3393.001983735688
3504,3412.862451928462
3505,3377.847783441351
3506,3364.1165740017136
3507,3330.2313626946416
3508,3370.1043667878844
3509,3415.9059763044093
3510,3337.905762600378
3511,3407.239272187055
3512,3386.945698976908
3513,3369.5274413390807
3514,3320.2702236211576
3515,3354.769133118505
3516,3431.2397457043035
3517,3407.4484687898494
3518,3396.5443993411927
3519,3385.1618573668943
3520,3413.262053541163
3521,3443.9773194747636
3522,3420.696422559271
3523,3400.8753562304387
3524,3436.9828194701636
3525,3405.7863761772396
3526,3409.410435374474
3527,3375.742164938414
3528,3377.7745650603547
3529,3392.775735582181
3530,3312.6005925784643
3531,3321.0199726402025
3532,3339.673849314166
3533,3412.761633244291
3534,3431.2450416880574
3535,3383.964275832661
3536,3324.5614998518927
3537,3309.9057820794064
3538,3427.3072531535704
3539,3392.41150633125
3540,3394.8298295668983
3541,3444.1650645500486
3542,3370.6776780589207
3543,3437.2414889562015
3544,3440.4172408149793
3545,3460.605188160457
3546,3367.936115928308
3547,3292.4730597467765
3548,3399.317111057344
3549,3419.739215298772
3550,3390.5341264779904
3551,3390.3513358614837
3552,3424.5910595722985
3553,3385.8428866563963
3554,3412.5292322206355
3555,3444.1567669243605
3556,3434.9053524377246
3557,3392.3924347345105
3558,3417.861639794141
3559,3373.1947178168994
3560,3274.006855988723
3561,3425.3591852802474
3562,3440.5730530649557
3563,3386.7664622094094
3564,3389.4793352421266
3565,3435.4328756009495
3566,3373.4891700628036
3567,3385.1560269736574
3568,3424.0225008132907
3569,3410.374160454916
3570,3388.251699570604
3571,3397.2898896101988
3572,3409.113862532894
3573,3411.0866100130984
3574,3395.3872780289153
3575,3347.4439346186887
3576,3374.668133952513
3577,3399.862723490094
3578,3454.359378432859
3579,3393.357401757514
3580,3457.954805271519
3581,3422.9784977062773
3582,3423.5154579288414
3583,3410.6551272918964
3584,3405.7348674221203
3585,3403.538610222681
3586,3429.455464269903
3587,3400.7499384245843
3588,3423.6727739772805
3589,3445.310467174324
3590,3368.5002032305565
3591,3406.909136165113
3592,3430.618219400829
3593,3409.176299881475
3594,3469.8560080619245
3595,3449.236004433116
3596,3352.9182250524327
3597,3388.33719255053
3598,3447.8164168749545
3599,3425.4015074508193
3600,3448.549386503902
3601,3429.8146358517856
3602,3368.3010767108876
3603,3450.4308760319386
3604,3419.3095258365397
3605,3447.426163882068
3606,3434.650749820586
3607,3410.500717107084
3608,3405.022956040351
3609,3412.4550936754663
3610,3407.66730578431
3611,3412.206746628575
3612,3448.152109651714
3613,3461.4419824609954
3614,3435.793670621985
3615,3457.90166645302
3616,3345.539855104902
3617,3426.6652431425223
3618,3484.9190797673905
3619,3445.9872914674434
3620,3404.154146383785
3621,3346.8285313697743
3622,3421.5716944086803
3623,3409.1917952541266
3624,3434.2614425538472
3625,3445.799365928392
3626,3449.5696999625875
3627,3461.589341647966
3628,3423.7238700880403
3629,3239.3750358722364
3630,3415.316268418774
3631,3424.4742268391174
3632,3383.907103862972
3633,3425.866119056386
3634,3443.646815867014
3635,3390.0999642168854
3636,3353.2274685958664
3637,3330.0040661793805
3638,3444.0886067232163
3639,3384.3855802211774
3640,3407.3436312052354
3641,3436.427400661956
3642,3397.5799098373395
3643,3385.13117763757
3644,3405.195259966615
3645,3398.877581759968
3646,3394.9356432356
3647,3370.7647332115266
3648,3455.942917323643
3649,3365.2610919460917
3650,3436.1274021856625
3651,3390.474726532331
3652,3384.716454746869
3653,3430.553706250928
3654,3394.916051714518
3655,3433.240436255912
3656,3366.0318695753763
3657,3426.0786555435625
3658,3415.3264307587206
3659,3425.870677419316
3660,3420.1866569103986
3661,3388.7254015793983
3662,3401.3384674714075
3663,3431.9377441554134
3664,3410.1507781382948
3665,3388.540413814041
3666,3458.075544975403
3667,3375.300397795954
3668,3414.6546610765326
3669,3402.8110743002667
3670,3368.8412276141485
3671,3422.7768151000014
3672,3396.54109949324
3673,3451.4178640219793
3674,3437.365551284687
3675,3365.796491046534
3676,3383.093627659304
3677,3376.8302456502934
3678,3441.6366382094666
3679,3426.1900200968457
3680,3414.1665507030107
3681,3413.671186768986
3682,3365.723619478711
3683,3405.308465527239
3684,3421.366476778492
3685,3437.936952044937
3686,3414.812188094928
3687,3450.4337726026424
3688,3391.0225242473725
3689,3403.7029065230354
3690,3403.5214578328837
3691,3335.616301083413
3692,3421.911754025176
3693,3445.8681940867136
3694,3429.421936910114
3695,3425.644745530584
3696,3397.8538298233802
3697,3446.1354674960003
3698,3384.6440564744644
3699,3425.913670901976
3700,3357.082517870809
3701,3372.5009453633456
3702,3380.1551713946237
3703,3419.4365516246344
3704,3374.7517739100026
3705,3397.008313132565
3706,3419.50886727522
3707,3448.3435369409563
3708,3448.9421803777805
3709,3432.889721527716
3710,3407.1323828453637
3711,3305.5057019920555
3712,3403.123403445686
3713,3340.371890523069
3714,3363.5594734712213
3715,3352.331876470218
3716,3386.5972931431243
3717,3420.8680383347514
3718,3348.140073301341
3719,3421.4375471952817
3720,3368.032065862392
3721,3443.519301423468
3722,3395.4427244702597
3723,3395.3378140910418
3724,3316.8901083358096
3725,3382.704380264175
3726,3376.9657743310913
3727,3409.199437541656
3728,3401.9672705475446
3729,3390.419063831204
3730,3381.064103715841
3731,3387.182852647155
3732,3321.779814569924
3733,3395.436927786693
3734,3430.6504490950088
3735,3391.6155928267235
3736,3409.094275232531
3737,3386.850524332201
3738,3259.1471613830818
3739,3425.2523801376324
3740,3405.8724437007336
3741,3415.1530623744566
3742,3401.50316133706
3743,3294.1350784049664
3744,3347.18085787834
3745,3425.9010555451764
3746,3384.6734863895163
3747,3381.7325998099964
3748,3455.5616345889375
3749,3471.121406576936
3750,3445.3752875023897
3751,3403.3810343817245
3752,3367.5879850495317
3753,3421.259131416478
3754,3432.3328724604053
3755,3397.350562246553
3756,3392.400660074929
3757,3410.3029922383175
3758,3440.068268251728
3759,3442.016963177286
3760,3441.744463339527
3761,3406.2520149442666
3762,3363.5356540456683
3763,3428.9228045432
3764,3452.4712143769057
3765,3482.0402533860283
3766,3449.6338353472815
3767,3412.074142473271
3768,3445.774045479605
3769,3448.7753960047817
3770,3395.999272193094
3771,3376.1832920886545
3772,3374.7785311945854
3773,3442.376813982876
3774,3383.701304356556
3775,3472.75000110786
3776,3464.263610532193
3777,3431.2132212218366
3778,3438.015841659923
3779,3415.728403691567
3780,3439.7182145038614
3781,3420.5697185458453
3782,3392.951330420104
3783,3431.4964658053386
3784,3457.678325112785
3785,3453.5045605816717
3786,3449.7804496584313
3787,3486.144413899445
3788,3452.581973100405
3789,3395.9660379758807
3790,3451.1019152813105
3791,3426.5612535885707
3792,3430.804523703567
3793,3420.7184285915696
3794,3384.4025715462103
3795,3473.7541799953856
3796,3421.070325096835
3797,3421.514734693987
3798,3427.997467588322
3799,3426.641037913532
3800,3444.6638765597236
3801,3407.613965932154
3802,3381.672101942544
3803,3468.640185853375
3804,3445.4924849211925
3805,3456.219468111404
3806,3432.347815991182
3807,3431.453653097953
3808,3430.792118649305
3809,3457.287927280408
3810,3347.301714178534
3811,3402.8526359617035
3812,3374.8271975681832
3813,3433.4414307800193
3814,3432.0446218104075
3815,3420.5924271374975
3816,3388.5575576963
3817,3473.7275392547813
3818,3444.3113887776103
3819,3450.557958298937
3820,3426.289860523261
3821,3284.678908064831
3822,3418.830165100453
3823,3495.3278890836586
3824,3425.882859843279
3825,3474.7260842398846
3826,3408.839622503853
3827,3436.4309910050365
3828,3424.7034964993163
3829,3379.5260946526982
3830,3417.8249566171867
3831,3437.871292950295
3832,3479.3027351586984
3833,3441.5064976374697
3834,3442.98276997291
3835,3471.9303118751322
3836,3454.2170582485155
3837,3449.7153398820233
3838,3411.781380318412
3839,3424.402983932993
3840,3470.3399594012367
3841,3449.7816793894535
3842,3469.385261479997
3843,3495.678206487466
3844,3399.794848825002
3845,3429.1800282358636
3846,3442.0434514178028
3847,3473.778924687192
3848,3460.02773358044
3849,3436.3827460902626
3850,3464.079192874274
3851,3485.403074707652
3852,3453.056266550806
3853,3450.623303059223
3854,3454.2831779075123
3855,3442.9082595709115
3856,3485.6673604394437
3857,3426.613166020977
3858,3341.0030925004307
3859,3445.0482886000996
3860,3388.3784632321644
3861,3459.8305179078666
3862,3470.168681416299
3863,3467.028426593994
3864,3461.7899800897444
3865,3408.8501455215783
3866,3462.8177557333033
3867,3393.5015975620227
3868,3418.125538394535
3869,3439.7875368997165
3870,3402.7796113778672
3871,3432.509783620374
3872,3410.0280146498753
3873,3442.6153717422644
3874,3468.2476411281596
3875,3470.872701488518
3876,3413.5853019816705
3877,3443.7573666341455
3878,3463.7938139392136
3879,3417.282897304554
3880,3424.8039771154913
3881,3468.203920075506
3882,3454.441526977961
3883,3396.2610886938714
3884,3437.141953374809
3885,3461.186322654184
3886,3400.4709983451885
3887,3409.030896258897
3888,3350.0837065310575
3889,3282.4325894925487
3890,3305.669844531291
3891,3338.253482019074
3892,3404.8729262843644
3893,3345.7320227135037
3894,3379.798063004971
3895,3443.218696395054
3896,3416.691349727554
3897,3412.8194609804373
3898,3452.7934454755077
3899,3428.1643636966346
3900,3323.3063394164783
3901,3408.51525939909
3902,3442.1706421053873
3903,3398.9633965093967
3904,3384.0224412997873
3905,3359.629901802753
3906,3415.7314173059503
3907,3410.418687676676
3908,3396.8339620535635
3909,3413.33043579778
3910,3390.2349662628544
3911,3420.6424910696105
3912,3349.2500834878274
3913,3420.2804041693735
3914,3417.7167006579207
3915,3428.3449565773817
3916,3409.8280970447354
3917,3423.98161685517
3918,3427.1904796748395
3919,3413.804707930501
3920,3411.2715820364615
3921,3412.0691263938265
3922,3441.4285764893802
3923,3365.7254131973614
3924,3448.586437500859
3925,3454.3871709368127
3926,3331.2110205347867
3927,3430.9484421320035
3928,3426.7964591796376
3929,3435.603943654169
3930,3436.2370058080264
3931,3430.116817412591
3932,3428.756614614372
3933,3420.1617555987905
3934,3402.6601422540466
3935,3394.4328325729193
3936,3432.1783320304094
3937,3352.9898265297775
3938,3415.1289760737995
3939,3417.074378986111
3940,3317.6326509581654
3941,3424.6003751828375
3942,3323.5237362217413
3943,3425.1132328017006
3944,3321.4164353032393
3945,3372.575551244208
3946,3404.486419421164
3947,3447.4590468107203
3948,3408.9170553220097
3949,3431.5049943564936
3950,3390.9888831284256
3951,3420.412456064848
3952,3394.087837312512
3953,3403.2586396414254
3954,3378.706573059874
3955,3401.65322679248
3956,3457.383686036353
3957,3404.762585018837
3958,3393.407567967036
3959,3384.8171704412116
3960,3385.233084984853
3961,3415.7124982849255
3962,3343.4437161551864
3963,3373.5311767591465
3964,3411.1642305031446
3965,3419.7463905010804
3966,3430.132553429192
3967,3433.9770916699695
3968,3479.1366476636276
3969,3464.4086460508265
3970,3449.9500598413683
3971,3473.4922987845994
3972,3451.883749758587
3973,3498.2061906112963
3974,3435.952624398184
3975,3384.927616172177
3976,3342.034953340101
3977,3491.037424095695
3978,3452.909962907103
3979,3456.512359236591
3980,3455.376434576203
3981,3434.1454644203964
3982,3472.2431952954694
3983,3417.711753850862
3984,3408.694435547671
3985,3430.0732657679546
3986,3366.46109081244
3987,3447.3479479165317
3988,3466.7202509759904
3989,3451.669243902728
3990,3359.047342435688
3991,3337.97787078238
3992,3394.0751117097793
3993,3380.5938794584918
3994,3414.8572682675076
3995,3441.3022929207664
3996,3406.4902934849774
3997,3452.3388592006704
3998,3388.006946447998
3999,3396.0955685812264
4000,3409.374584268924